T?nh,V? trí,Nhi?t ??,?? ?m,T?c ?? gió,Áp su?t,Ngày gi?,VN_AQI,CO,NO2,O3,PM-10,PM-2-5,SO2,Mi?n
Gia Lai,"('13.998599', '107.996482')",20.86,96,0.87,1006,5/7/2021 18:00,17,5,10,5,17,14,14,2
Ðà N?ng,"('16.074', '108.217')",30,74,2.57,1003,5/7/2021 18:00,39,4,11,17,30,39,28,2
Cao B?ng,"('22.6782', '106.245')",26.67,93,0.61,1004,5/7/2021 18:00,75,,0,1,75,65,1,1
Phú Th?,"('21.33847', '105.3673')",30.92,67,2.66,1002,5/7/2021 18:00,32,,8,32,6,10,,1
Thái Nguyên,"('21.593151', '105.8431043')",30.88,75,2.4,1003,5/7/2021 18:00,52,5,6,,38,52,5,1
Hà N?i,"('21.0491', '105.8831')",31.01,59,4.88,1002,5/7/2021 18:00,16,8,11,16,11,9,8,1
B?c Ninh,"('21.1527453', '106.111371')",31.06,62,5.23,1003,5/7/2021 18:00,58,1,3,18,47,58,33,1
H?ng Yên,"('20.661683', '106.058761')",31.06,62,5.23,1003,5/7/2021 18:00,12,0,2,12,1,1,0,1
Tp. H? Chí Minh,"('10.65961', '106.727916')",26.01,94,3.09,1006,5/7/2021 18:00,10,,,,10,6,,3
C?n Th?,"('10.026977', '105.768249')",24.99,100,2.57,1006,5/7/2021 18:00,16,,,,16,15,,3
Ngh? An,"('18.675369', '105.690945')",28.92,84,3.16,1002,5/7/2021 18:00,20,,,,20,17,,2
Gia Lai,"('13.998599', '107.996482')",21.22,96,0.48,1006,5/7/2021 17:00,14,2,5,8,13,13,14,2
Ðà N?ng,"('16.074', '108.217')",31,70,4.12,1003,5/7/2021 17:00,33,6,11,22,24,33,28,2
Cao B?ng,"('22.6782', '106.245')",28.24,90,0.92,1003,5/7/2021 17:00,57,,0,1,57,55,1,1
Phú Th?,"('21.33847', '105.3673')",31.92,63,2.94,1001,5/7/2021 17:00,28,,7,28,6,10,,1
Thái Nguyên,"('21.593151', '105.8431043')",31.88,72,2.59,1002,5/7/2021 17:00,67,6,4,,49,67,5,1
Hà N?i,"('21.0491', '105.8831')",32.01,55,5.01,1001,5/7/2021 17:00,18,8,11,18,9,7,8,1
B?c Ninh,"('21.1527453', '106.111371')",32.06,57,5.1,1002,5/7/2021 17:00,49,1,2,18,43,49,33,1
H?ng Yên,"('20.661683', '106.058761')",32.06,57,5.1,1002,5/7/2021 17:00,13,0,2,13,2,1,0,1
Qu?ng Ninh,"('21.006517', '107.344252')",31.06,62,5.23,1003,5/7/2021 17:00,64,8,,19,1,2,64,1
Tp. H? Chí Minh,"('10.65961', '106.727916')",26.01,100,3.09,1006,5/7/2021 17:00,7,,,,7,4,,3
C?n Th?,"('10.026977', '105.768249')",24.99,100,2.57,1006,5/7/2021 17:00,19,,,,19,18,,3
Ngh? An,"('18.675369', '105.690945')",30.5,78,3.76,1001,5/7/2021 17:00,18,,,,18,15,,2
Gia Lai,"('13.998599', '107.996482')",21.48,96,0.93,1005,5/7/2021 16:00,16,3,8,9,16,15,14,2
Ðà N?ng,"('16.074', '108.217')",34,55,3.09,1002,5/7/2021 16:00,33,5,11,23,26,33,28,2
Cao B?ng,"('22.6782', '106.245')",29.16,88,1.49,1003,5/7/2021 16:00,64,,0,1,64,61,1,1
Phú Th?,"('21.33847', '105.3673')",32.92,60,3.64,1000,5/7/2021 16:00,28,,6,28,5,9,,1
Thái Nguyên,"('21.593151', '105.8431043')",32.88,71,3.16,1001,5/7/2021 16:00,67,8,4,,49,67,7,1
Hà N?i,"('21.0491', '105.8831')",33.01,50,5.29,1001,5/7/2021 16:00,12,12,11,11,9,7,8,1
B?c Ninh,"('21.1527453', '106.111371')",33.06,52,5.52,1001,5/7/2021 16:00,43,1,2,17,43,40,33,1
H?ng Yên,"('20.661683', '106.058761')",33.06,52,5.52,1001,5/7/2021 16:00,11,0,2,11,3,2,0,1
Qu?ng Ninh,"('21.006517', '107.344252')",32.06,57,5.1,1002,5/7/2021 16:00,63,8,,20,1,2,63,1
Tp. H? Chí Minh,"('10.65961', '106.727916')",27.01,83,4.12,1005,5/7/2021 16:00,8,,,,8,5,,3
C?n Th?,"('10.026977', '105.768249')",24.99,100,2.06,1006,5/7/2021 16:00,19,,,,19,15,,3
Ngh? An,"('18.675369', '105.690945')",31.42,72,4.41,1001,5/7/2021 16:00,17,,,,17,15,,2
Gia Lai,"('13.998599', '107.996482')",22.82,90,1.76,1005,5/7/2021 15:00,22,3,9,10,22,20,14,2
Ðà N?ng,"('16.074', '108.217')",33,62,3.09,1002,5/7/2021 15:00,32,4,10,26,25,32,27,2
Cao B?ng,"('22.6782', '106.245')",30.25,81,3.01,1003,5/7/2021 15:00,69,,0,1,69,66,1,1
Phú Th?,"('21.33847', '105.3673')",31.92,56,3.81,1001,5/7/2021 15:00,29,,4,29,5,8,,1
Thái Nguyên,"('21.593151', '105.8431043')",31.88,69,3.82,1002,5/7/2021 15:00,54,9,5,,42,54,10,1
Hà N?i,"('21.0491', '105.8831')",32.01,51,5.34,1001,5/7/2021 15:00,14,8,11,14,7,7,8,1
B?c Ninh,"('21.1527453', '106.111371')",32.06,53,5.99,1001,5/7/2021 15:00,46,1,2,15,46,33,32,1
H?ng Yên,"('20.661683', '106.058761')",32.06,53,5.99,1001,5/7/2021 15:00,9,0,2,9,6,2,0,1
Qu?ng Ninh,"('21.006517', '107.344252')",33.06,52,5.52,1001,5/7/2021 15:00,62,8,,20,1,2,62,1
Tp. H? Chí Minh,"('10.65961', '106.727916')",27.01,94,4.63,1004,5/7/2021 15:00,9,,,,9,7,,3
C?n Th?,"('10.026977', '105.768249')",24.99,100,1.03,1005,5/7/2021 15:00,19,,,,19,15,,3
Ngh? An,"('18.675369', '105.690945')",32.16,68,5.11,1001,5/7/2021 15:00,18,,,,18,16,,2
Qu?ng Ninh,"('21.006517', '107.344252')",32.06,53,5.99,1001,5/7/2021 14:00,62,8,,20,1,2,62,1
B?c Ninh,"('21.1527453', '106.111371')",28.14,50,5.5,1002,5/7/2021 14:00,55,1,3,15,55,40,32,1
Cao B?ng,"('22.6782', '106.245')",30.22,76,3.55,1003,5/7/2021 14:00,71,,1,0,71,64,1,1
Ðà N?ng,"('16.074', '108.217')",34,54,1.55,1003,5/7/2021 14:00,32,4,11,29,26,32,28,2
Gia Lai,"('13.998599', '107.996482')",23.5,83,1.5,1007,5/7/2021 14:00,24,3,8,11,24,24,13,2
Hà N?i,"('21.0491', '105.8831')",31.52,50,5.02,1003,5/7/2021 14:00,15,5,11,15,6,8,8,1
H?ng Yên,"('20.661683', '106.058761')",27.85,50,5.83,1002,5/7/2021 14:00,11,0,1,9,11,3,0,1
Phú Th?,"('21.33847', '105.3673')",27.42,54,3.54,1003,5/7/2021 14:00,22,,3,22,5,9,,1
Thái Nguyên,"('21.593151', '105.8431043')",30.32,61,3.55,1003,5/7/2021 14:00,43,8,4,,36,43,7,1
C?n Th?,"('10.026977', '105.768249')",25.99,96,1.54,1005,5/7/2021 14:00,18,,,,18,13,,3
Tp. H? Chí Minh,"('10.65961', '106.727916')",30.01,100,2.06,1005,5/7/2021 14:00,13,,,,13,10,,3
Ngh? An,"('18.675369', '105.690945')",32.43,63,3.75,1001,5/7/2021 14:00,21,,,,21,18,,2
B?c Ninh,"('21.1527453', '106.111371')",30.14,52,5.2,1001,5/7/2021 13:00,72,1,8,12,72,53,31,1
Cao B?ng,"('22.6782', '106.245')",29.95,79,3.05,1004,5/7/2021 13:00,77,,1,0,77,73,1,1
Ðà N?ng,"('16.074', '108.217')",35,57,2.68,1002,5/7/2021 13:00,33,3,11,30,28,33,32,2
Gia Lai,"('13.998599', '107.996482')",23.1,88,1.39,1006,5/7/2021 13:00,23,2,4,14,23,23,13,2
Hà N?i,"('21.0491', '105.8831')",28.01,49,3.85,1001,5/7/2021 13:00,12,7,11,12,7,9,8,1
H?ng Yên,"('20.661683', '106.058761')",31.56,52,5.9,1002,5/7/2021 13:00,9,0,3,9,5,2,0,1
Phú Th?,"('21.33847', '105.3673')",30.12,76,3.54,1002,5/7/2021 13:00,28,,3,28,6,10,,1
Qu?ng Ninh,"('21.006517', '107.344252')",31.06,50,5.9,1003,5/7/2021 13:00,62,8,,20,1,2,62,1
Thái Nguyên,"('21.593151', '105.8431043')",26.88,64,3.19,1003,5/7/2021 13:00,48,4,3,,40,48,5,1
C?n Th?,"('10.026977', '105.768249')",24.32,90,2.35,1005,5/7/2021 13:00,18,,,,18,10,,3
Tp. H? Chí Minh,"('10.65961', '106.727916')",28.01,100,1.57,1004,5/7/2021 13:00,18,,,,18,14,,3
Ngh? An,"('18.675369', '105.690945')",31.55,65,4.86,1001,5/7/2021 13:00,24,,,,24,21,,2
Gia Lai,"('13.998599', '107.996482')",25.59,79,1.39,1007,5/7/2021 12:00,26,2,6,14,26,23,13,2
Ðà N?ng,"('16.074', '108.217')",35,49,1.03,1004,5/7/2021 12:00,37,5,11,31,32,34,37,2
Cao B?ng,"('22.6782', '106.245')",31.62,70,3.33,1004,5/7/2021 12:00,95,,0,1,95,91,1,1
Phú Th?,"('21.33847', '105.3673')",25.92,56,3.24,1003,5/7/2021 12:00,19,,3,19,7,12,,1
Thái Nguyên,"('21.593151', '105.8431043')",25.88,61,3.64,1003,5/7/2021 12:00,55,4,4,,43,55,4,1
Hà N?i,"('21.0491', '105.8831')",26.01,49,5.09,1003,5/7/2021 12:00,11,5,11,11,11,11,8,1
B?c Ninh,"('21.1527453', '106.111371')",26.06,49,5.9,1003,5/7/2021 12:00,81,1,5,14,81,77,32,1
H?ng Yên,"('20.661683', '106.058761')",26.06,49,5.9,1003,5/7/2021 12:00,11,0,1,11,1,2,0,1
Qu?ng Ninh,"('21.006517', '107.344252')",27.06,49,4.85,1004,5/7/2021 12:00,62,8,,20,1,2,62,1
Tp. H? Chí Minh,"('10.65961', '106.727916')",29.01,79,2.57,1006,5/7/2021 12:00,23,,,,23,17,,3
C?n Th?,"('10.026977', '105.768249')",26.99,89,2.06,1005,5/7/2021 12:00,24,,,,24,11,,3
Ngh? An,"('18.675369', '105.690945')",33.33,60,3.45,1003,5/7/2021 12:00,28,,,,28,23,,2
Gia Lai,"('13.998599', '107.996482')",25.58,77,1.95,1007,5/7/2021 11:00,31,2,7,13,31,26,13,2
Ðà N?ng,"('16.074', '108.217')",36,44,1.54,1005,5/7/2021 11:00,39,5,11,23,35,36,39,2
Cao B?ng,"('22.6782', '106.245')",32.26,64,2.95,1005,5/7/2021 11:00,118,,0,1,111,118,1,1
Phú Th?,"('21.33847', '105.3673')",25.92,55,3.69,1004,5/7/2021 11:00,24,,5,24,9,16,,1
Thái Nguyên,"('21.593151', '105.8431043')",25.88,62,3.88,1004,5/7/2021 11:00,53,4,6,,40,53,8,1
Hà N?i,"('21.0491', '105.8831')",26.01,49,4.86,1003,5/7/2021 11:00,16,8,11,9,16,15,8,1
B?c Ninh,"('21.1527453', '106.111371')",26.06,51,5.42,1004,5/7/2021 11:00,80,1,8,15,57,80,33,1
H?ng Yên,"('20.661683', '106.058761')",26.06,51,5.42,1004,5/7/2021 11:00,11,0,1,11,1,2,0,1
Qu?ng Ninh,"('21.006517', '107.344252')",26.06,49,5.9,1003,5/7/2021 11:00,62,8,,20,1,2,62,1
Tp. H? Chí Minh,"('10.65961', '106.727916')",32.01,70,1.03,1006,5/7/2021 11:00,30,,,,30,24,,3
C?n Th?,"('10.026977', '105.768249')",24.99,94,5.66,1006,5/7/2021 11:00,19,,,,19,12,,3
Ngh? An,"('18.675369', '105.690945')",33.24,60,3.46,1004,5/7/2021 11:00,31,,,,31,26,,2
Gia Lai,"('13.998599', '107.996482')",27.25,67,1.79,1008,5/7/2021 10:00,35,3,7,11,35,30,14,2
Ðà N?ng,"('16.074', '108.217')",34,49,1.03,1005,5/7/2021 10:00,42,8,11,17,41,42,38,2
Cao B?ng,"('22.6782', '106.245')",30.67,71,2.65,1006,5/7/2021 10:00,107,,0,1,107,84,1,1
Phú Th?,"('21.33847', '105.3673')",27.92,59,3.72,1004,5/7/2021 10:00,21,,5,19,12,21,,1
Thái Nguyên,"('21.593151', '105.8431043')",27.88,68,4.05,1005,5/7/2021 10:00,49,5,6,,38,49,7,1
Hà N?i,"('21.0491', '105.8831')",28.01,48,5.19,1004,5/7/2021 10:00,16,8,11,10,14,16,9,1
B?c Ninh,"('21.1527453', '106.111371')",28.06,51,5.94,1005,5/7/2021 10:00,79,1,10,15,58,79,32,1
H?ng Yên,"('20.661683', '106.058761')",28.06,51,5.94,1005,5/7/2021 10:00,11,0,1,11,1,2,0,1
Qu?ng Ninh,"('21.006517', '107.344252')",26.06,51,5.42,1004,5/7/2021 10:00,62,8,,20,1,2,62,1
Tp. H? Chí Minh,"('10.65961', '106.727916')",30.01,84,1.03,1007,5/7/2021 10:00,33,,,,33,26,,3
C?n Th?,"('10.026977', '105.768249')",31.99,70,3.6,1006,5/7/2021 10:00,18,,,,18,13,,3
Ngh? An,"('18.675369', '105.690945')",33.03,61,3.03,1005,5/7/2021 10:00,34,,,,34,28,,2
Qu?ng Ninh,"('21.006517', '107.344252')",28.06,51,5.94,1005,5/7/2021 9:00,61,7,,20,1,2,61,1
Gia Lai,"('13.998599', '107.996482')",29.44,53,0.83,1008,5/7/2021 9:00,42,3,8,8,42,36,14,2
Ðà N?ng,"('16.074', '108.217')",29.44,53,0.83,1008,5/7/2021 9:00,46,15,11,14,46,46,33,2
Cao B?ng,"('22.6782', '106.245')",31.01,67,2.72,1007,5/7/2021 9:00,96,,0,1,96,95,1,1
Phú Th?,"('21.33847', '105.3673')",32,55,1.03,1006,5/7/2021 9:00,22,,3,13,12,22,,1
Thái Nguyên,"('21.593151', '105.8431043')",31.88,70,3.97,1006,5/7/2021 9:00,44,6,7,,37,44,7,1
Hà N?i,"('21.0491', '105.8831')",32.01,51,4.76,1005,5/7/2021 9:00,27,10,11,27,16,18,8,1
B?c Ninh,"('21.1527453', '106.111371')",32.06,53,5.57,1005,5/7/2021 9:00,87,2,16,13,62,87,32,1
H?ng Yên,"('20.661683', '106.058761')",32.06,53,5.57,1005,5/7/2021 9:00,12,0,1,12,2,2,0,1
Tp. H? Chí Minh,"('10.65961', '106.727916')",30.01,89,1.03,1007,5/7/2021 9:00,40,,,,40,27,,3
C?n Th?,"('10.026977', '105.768249')",29.99,74,3.09,1007,5/7/2021 9:00,22,,,,22,17,,3
Ngh? An,"('18.675369', '105.690945')",31.81,65,1.16,1005,5/7/2021 9:00,34,,,,34,28,,2
Gia Lai,"('13.998599', '107.996482')",23.98,73,0.36,1009,5/7/2021 8:00,38,5,10,5,38,35,15,2
Ðà N?ng,"('16.074', '108.217')",29,70,0,1006,5/7/2021 8:00,37,8,11,9,35,37,31,2
Cao B?ng,"('22.6782', '106.245')",28.55,81,1.65,1007,5/7/2021 8:00,110,,0,1,100,110,1,1
Phú Th?,"('21.33847', '105.3673')",30.92,77,1.82,1006,5/7/2021 8:00,22,,2,14,12,22,,1
Thái Nguyên,"('21.593151', '105.8431043')",30.88,74,2.76,1006,5/7/2021 8:00,42,7,9,,40,42,6,1
Hà N?i,"('21.0491', '105.8831')",31.01,64,3.72,1005,5/7/2021 8:00,30,12,11,30,17,21,8,1
B?c Ninh,"('21.1527453', '106.111371')",31.06,64,4.6,1006,5/7/2021 8:00,91,3,20,10,64,91,32,1
H?ng Yên,"('20.661683', '106.058761')",31.06,64,4.6,1006,5/7/2021 8:00,10,0,2,10,2,3,0,1
Qu?ng Ninh,"('21.006517', '107.344252')",32.06,53,5.57,1005,5/7/2021 8:00,61,8,,20,1,2,61,1
Tp. H? Chí Minh,"('10.65961', '106.727916')",29.01,94,0.51,1007,5/7/2021 8:00,53,,,,53,33,,3
C?n Th?,"('10.026977', '105.768249')",28.84,76,4.22,1007,5/7/2021 8:00,25,,,,25,20,,3
Ngh? An,"('18.675369', '105.690945')",30.4,69,1.33,1005,5/7/2021 8:00,31,,,,31,25,,2
Gia Lai,"('13.998599', '107.996482')",22.72,76,0.54,1008,5/7/2021 7:00,31,5,11,3,27,31,15,2
Ðà N?ng,"('16.074', '108.217')",30,69,0.74,1006,5/7/2021 7:00,37,8,11,9,35,37,31,2
Cao B?ng,"('22.6782', '106.245')",26.76,93,1.34,1007,5/7/2021 7:00,113,,0,1,101,113,1,1
Phú Th?,"('21.33847', '105.3673')",29.92,83,1.56,1005,5/7/2021 7:00,21,,2,10,11,21,,1
Thái Nguyên,"('21.593151', '105.8431043')",29.88,81,1.73,1006,5/7/2021 7:00,51,7,13,,49,51,7,1
Hà N?i,"('21.0491', '105.8831')",30.01,74,3.09,1005,5/7/2021 7:00,27,11,11,27,15,21,8,1
B?c Ninh,"('21.1527453', '106.111371')",30.06,74,3.66,1005,5/7/2021 7:00,95,3,23,9,62,95,32,1
H?ng Yên,"('20.661683', '106.058761')",30.06,74,3.66,1005,5/7/2021 7:00,8,0,3,8,3,3,0,1
Qu?ng Ninh,"('21.006517', '107.344252')",31.06,64,4.6,1006,5/7/2021 7:00,62,9,,20,1,2,62,1
Tp. H? Chí Minh,"('10.65961', '106.727916')",28.01,94,0.51,1006,5/7/2021 7:00,54,,,,54,33,,3
C?n Th?,"('10.026977', '105.768249')",26.99,89,1.54,1006,5/7/2021 7:00,22,,,,22,19,,3
Ngh? An,"('18.675369', '105.690945')",28.77,77,1.66,1005,5/7/2021 7:00,28,,,,28,22,,2
Hà N?i,"('21.0491', '105.8831')",30.01,82,2.26,1005,5/7/2021 6:00,23,6,11,23,14,21,8,1
Gia Lai,"('13.998599', '107.996482')",21.72,80,0.74,1008,5/7/2021 6:00,23,3,10,4,18,23,15,2
Ðà N?ng,"('16.074', '108.217')",28,69,1.03,1006,5/7/2021 6:00,34,2,11,6,24,34,31,2
Cao B?ng,"('22.6782', '106.245')",26.76,93,1.34,1007,5/7/2021 6:00,124,,0,1,83,124,1,1
Phú Th?,"('21.33847', '105.3673')",29.92,83,1.56,1005,5/7/2021 6:00,19,,2,14,10,19,,1
Thái Nguyên,"('21.593151', '105.8431043')",29.88,81,1.73,1006,5/7/2021 6:00,61,5,11,,53,61,7,1
Hà N?i,"('21.0491', '105.8831')",30.01,74,3.09,1005,5/7/2021 6:00,23,6,11,23,14,21,8,1
B?c Ninh,"('21.1527453', '106.111371')",30.06,74,3.66,1005,5/7/2021 6:00,92,2,10,11,56,92,31,1
H?ng Yên,"('20.661683', '106.058761')",30.06,74,3.66,1005,5/7/2021 6:00,8,0,2,8,2,3,0,1
Qu?ng Ninh,"('21.006517', '107.344252')",30.06,74,3.66,1005,5/7/2021 6:00,62,8,,20,1,2,62,1
Tp. H? Chí Minh,"('10.65961', '106.727916')",28.01,93,0.71,1006,5/7/2021 6:00,57,,,,57,31,,3
C?n Th?,"('10.026977', '105.768249')",26.99,85,2.62,1006,5/7/2021 6:00,19,,,,19,17,,3
Ngh? An,"('18.675369', '105.690945')",29.55,73,1.66,1005,5/7/2021 6:00,19,,,,19,17,,2
Gia Lai,"('13.998599', '107.996482')",18.93,88,1.62,1008,5/7/2021 5:00,19,2,8,5,15,19,15,2
Ðà N?ng,"('16.074', '108.217')",27,74,2.06,1005,5/7/2021 5:00,33,2,10,6,22,33,31,2
Cao B?ng,"('22.6782', '106.245')",25.39,97,1.1,1007,5/7/2021 5:00,144,,0,1,87,144,1,1
Phú Th?,"('21.33847', '105.3673')",29.92,90,0.66,1005,5/7/2021 5:00,17,,2,12,9,17,,1
Thái Nguyên,"('21.593151', '105.8431043')",29.88,90,1.35,1005,5/7/2021 5:00,71,5,12,,55,71,8,1
B?c Ninh,"('21.1527453', '106.111371')",30.06,84,2.61,1005,5/7/2021 5:00,91,1,10,14,53,91,31,1
H?ng Yên,"('20.661683', '106.058761')",30.06,84,2.61,1005,5/7/2021 5:00,8,0,2,8,2,3,0,1
Qu?ng Ninh,"('21.006517', '107.344252')",30.06,74,3.66,1005,5/7/2021 5:00,62,8,,20,1,2,62,1
Tp. H? Chí Minh,"('10.65961', '106.727916')",28.01,94,1.54,1005,5/7/2021 5:00,64,,,,64,38,,3
C?n Th?,"('10.026977', '105.768249')",26.99,89,1.03,1005,5/7/2021 5:00,16,,,,16,13,,3
Ngh? An,"('18.675369', '105.690945')",27.51,81,1.66,1004,5/7/2021 5:00,17,,,,17,16,,2
Gia Lai,"('13.998599', '107.996482')",18.31,89,1.13,1008,5/7/2021 4:00,17,1,5,7,13,17,15,2
Ðà N?ng,"('16.074', '108.217')",27,74,2.06,1005,5/7/2021 4:00,31,1,11,8,21,31,29,2
Cao B?ng,"('22.6782', '106.245')",24.92,98,1.16,1006,5/7/2021 4:00,153,,0,1,91,153,1,1
Phú Th?,"('21.33847', '105.3673')",29.92,91,1.01,1004,5/7/2021 4:00,16,,2,16,8,15,,1
Thái Nguyên,"('21.593151', '105.8431043')",29.88,92,1.44,1005,5/7/2021 4:00,77,5,12,,56,77,9,1
Hà N?i,"('21.0491', '105.8831')",30.01,83,2.46,1004,5/7/2021 4:00,18,2,11,16,12,18,8,1
B?c Ninh,"('21.1527453', '106.111371')",30.06,85,2.82,1004,5/7/2021 4:00,81,1,6,13,51,81,32,1
H?ng Yên,"('20.661683', '106.058761')",30.06,85,2.82,1004,5/7/2021 4:00,9,0,1,9,2,2,0,1
Qu?ng Ninh,"('21.006517', '107.344252')",30.06,84,2.61,1005,5/7/2021 4:00,61,8,,20,1,3,61,1
Tp. H? Chí Minh,"('10.65961', '106.727916')",28.01,94,1.54,1005,5/7/2021 4:00,46,,,,46,22,,3
C?n Th?,"('10.026977', '105.768249')",26.99,89,2.06,1005,5/7/2021 4:00,14,,,,14,11,,3
Ngh? An,"('18.675369', '105.690945')",27.3,80,1.23,1004,5/7/2021 4:00,17,,,,17,16,,2
Gia Lai,"('13.998599', '107.996482')",18.51,89,1.52,1007,5/7/2021 3:00,18,1,6,7,13,18,15,2
Ðà N?ng,"('16.074', '108.217')",26,78,1.54,1004,5/7/2021 3:00,32,1,11,8,21,32,28,2
Cao B?ng,"('22.6782', '106.245')",25.05,98,1.38,1006,5/7/2021 3:00,153,,0,1,91,153,1,1
Phú Th?,"('21.33847', '105.3673')",29.92,90,1.35,1004,5/7/2021 3:00,21,,3,21,8,17,,1
Thái Nguyên,"('21.593151', '105.8431043')",29.88,91,1.72,1004,5/7/2021 3:00,86,4,9,,60,86,9,1
Hà N?i,"('21.0491', '105.8831')",30.01,82,2.82,1003,5/7/2021 3:00,16,2,11,16,11,16,8,1
B?c Ninh,"('21.1527453', '106.111371')",30.06,84,3.08,1004,5/7/2021 3:00,75,1,14,14,48,75,33,1
H?ng Yên,"('20.661683', '106.058761')",30.06,84,3.08,1004,5/7/2021 3:00,10,0,1,10,2,2,0,1
Qu?ng Ninh,"('21.006517', '107.344252')",30.06,85,2.82,1004,5/7/2021 3:00,61,8,,20,1,2,61,1
Tp. H? Chí Minh,"('10.65961', '106.727916')",28.01,94,1.54,1005,5/7/2021 3:00,44,,,,44,22,,3
C?n Th?,"('10.026977', '105.768249')",26.99,89,1.03,1005,5/7/2021 3:00,14,,,,14,12,,3
Ngh? An,"('18.675369', '105.690945')",27.56,80,0.92,1003,5/7/2021 3:00,16,,,,16,15,,2
Gia Lai,"('13.998599', '107.996482')",18.22,90,1.5,1007,5/7/2021 2:00,17,1,6,8,13,17,14,2
Ðà N?ng,"('16.074', '108.217')",27,74,3.09,1004,5/7/2021 2:00,29,1,10,8,21,29,27,2
Cao B?ng,"('22.6782', '106.245')",25.22,97,1.48,1005,5/7/2021 2:00,152,,0,1,91,152,1,1
Phú Th?,"('21.33847', '105.3673')",29.92,89,1.65,1003,5/7/2021 2:00,22,,4,22,10,19,,1
Thái Nguyên,"('21.593151', '105.8431043')",29.88,91,1.87,1004,5/7/2021 2:00,111,5,8,,71,111,11,1
Hà N?i,"('21.0491', '105.8831')",30.01,81,3.16,1003,5/7/2021 2:00,17,1,11,17,10,14,8,1
B?c Ninh,"('21.1527453', '106.111371')",30.06,84,3.45,1003,5/7/2021 2:00,64,1,10,15,43,64,32,1
H?ng Yên,"('20.661683', '106.058761')",30.06,84,3.45,1003,5/7/2021 2:00,9,0,2,9,2,2,0,1
Qu?ng Ninh,"('21.006517', '107.344252')",30.06,84,3.08,1004,5/7/2021 2:00,61,8,,20,1,2,61,1
Tp. H? Chí Minh,"('10.65961', '106.727916')",28.01,94,0,1005,5/7/2021 2:00,38,,,,38,18,,3
C?n Th?,"('10.026977', '105.768249')",25.99,94,1.54,1005,5/7/2021 2:00,16,,,,16,14,,3
Ngh? An,"('18.675369', '105.690945')",27.77,79,0.66,1003,5/7/2021 2:00,17,,,,17,15,,2
Gia Lai,"('13.998599', '107.996482')",18.3,92,1.8,1008,5/7/2021 1:00,20,1,6,7,15,20,15,2
Ðà N?ng,"('16.074', '108.217')",27,74,1.03,1004,5/7/2021 1:00,29,1,11,9,22,29,27,2
Cao B?ng,"('22.6782', '106.245')",25.49,97,1.49,1005,5/7/2021 1:00,147,,0,1,90,147,1,1
Phú Th?,"('21.33847', '105.3673')",29.92,88,1.96,1003,5/7/2021 1:00,26,,4,26,10,18,,1
Thái Nguyên,"('21.593151', '105.8431043')",29.88,90,2.08,1004,5/7/2021 1:00,130,7,19,,77,130,15,1
Hà N?i,"('21.0491', '105.8831')",30.01,80,3.34,1003,5/7/2021 1:00,18,2,11,18,10,13,8,1
B?c Ninh,"('21.1527453', '106.111371')",30.06,83,3.44,1004,5/7/2021 1:00,61,1,4,15,43,61,33,1
H?ng Yên,"('20.661683', '106.058761')",30.06,83,3.44,1004,5/7/2021 1:00,8,0,3,8,2,2,0,1
Qu?ng Ninh,"('21.006517', '107.344252')",30.06,84,3.45,1003,5/7/2021 1:00,61,8,,20,1,2,61,1
Tp. H? Chí Minh,"('10.65961', '106.727916')",28.01,94,1.54,1006,5/7/2021 1:00,34,,,,34,19,,3
C?n Th?,"('10.026977', '105.768249')",25.99,94,2.06,1005,5/7/2021 1:00,19,,,,19,19,,3
Ngh? An,"('18.675369', '105.690945')",28.03,79,0.74,1003,5/7/2021 1:00,17,,,,17,14,,2
Gia Lai,"('13.998599', '107.996482')",18.6,92,1.64,1008,5/7/2021 0:00,24,1,6,8,18,24,14,2
Ðà N?ng,"('16.074', '108.217')",28,69,2.57,1005,5/7/2021 0:00,33,2,10,10,26,33,27,2
Cao B?ng,"('22.6782', '106.245')",25.77,96,1.54,1005,5/7/2021 0:00,154,,0,1,96,154,1,1
Phú Th?,"('21.33847', '105.3673')",29.92,86,2.17,1004,5/7/2021 0:00,22,,3,22,10,18,,1
Thái Nguyên,"('21.593151', '105.8431043')",29.88,89,1.86,1004,5/7/2021 0:00,141,6,16,,80,141,8,1
Hà N?i,"('21.0491', '105.8831')",30.01,81,3.47,1004,5/7/2021 0:00,16,2,11,16,10,13,8,1
B?c Ninh,"('21.1527453', '106.111371')",30.06,82,3.72,1004,5/7/2021 0:00,61,1,6,15,44,61,32,1
H?ng Yên,"('20.661683', '106.058761')",30.06,82,3.72,1004,5/7/2021 0:00,9,0,3,9,2,3,0,1
Qu?ng Ninh,"('21.006517', '107.344252')",30.06,83,3.44,1004,5/7/2021 0:00,61,8,,20,1,2,61,1
Tp. H? Chí Minh,"('10.65961', '106.727916')",28.01,94,2.06,1006,5/7/2021 0:00,31,,,,31,19,,3
C?n Th?,"('10.026977', '105.768249')",26.99,89,2.06,1006,5/7/2021 0:00,24,,,,23,24,,3
Ngh? An,"('18.675369', '105.690945')",28.26,77,1.2,1003,5/7/2021 0:00,18,,,,18,13,,2
Gia Lai,"('13.998599', '107.996482')",18.93,93,1.79,1009,4/7/2021 23:00,28,2,5,9,22,28,14,2
Ðà N?ng,"('16.074', '108.217')",28,69,2.57,1005,4/7/2021 23:00,38,3,11,9,29,38,28,2
Cao B?ng,"('22.6782', '106.245')",26.09,94,1.22,1006,4/7/2021 23:00,176,,0,1,117,176,1,1
Phú Th?,"('21.33847', '105.3673')",30.92,85,1.97,1004,4/7/2021 23:00,28,,3,28,11,20,,1
Thái Nguyên,"('21.593151', '105.8431043')",30.88,84,1.54,1005,4/7/2021 23:00,132,7,8,,75,132,11,1
Hà N?i,"('21.0491', '105.8831')",31.01,80,3.4,1004,4/7/2021 23:00,14,3,10,14,13,14,9,1
B?c Ninh,"('21.1527453', '106.111371')",31.06,81,3.89,1004,4/7/2021 23:00,76,1,11,13,53,76,32,1
H?ng Yên,"('20.661683', '106.058761')",31.06,81,3.89,1004,4/7/2021 23:00,9,0,2,9,2,3,0,1
Qu?ng Ninh,"('21.006517', '107.344252')",30.06,82,3.72,1004,4/7/2021 23:00,61,9,,20,1,2,61,1
Tp. H? Chí Minh,"('10.65961', '106.727916')",28.01,89,0.51,1007,4/7/2021 23:00,27,,,,27,19,,3
C?n Th?,"('10.026977', '105.768249')",26.99,89,2.06,1006,4/7/2021 23:00,31,,,,27,31,,3
Ngh? An,"('18.675369', '105.690945')",28.6,78,1.3,1004,4/7/2021 23:00,16,,,,16,12,,2
Gia Lai,"('13.998599', '107.996482')",19.28,93,1.49,1010,4/7/2021 22:00,37,2,7,8,29,37,14,2
Ðà N?ng,"('16.074', '108.217')",29,70,1.54,1006,4/7/2021 22:00,38,4,11,11,27,38,28,2
Cao B?ng,"('22.6782', '106.245')",26.41,93,0.9,1005,4/7/2021 22:00,221,,0,1,157,221,1,1
Phú Th?,"('21.33847', '105.3673')",30.92,85,2.94,1004,4/7/2021 22:00,23,,4,23,12,22,,1
Thái Nguyên,"('21.593151', '105.8431043')",30.88,82,1.67,1005,4/7/2021 22:00,113,8,12,,69,113,18,1
Hà N?i,"('21.0491', '105.8831')",31.01,77,3.48,1004,4/7/2021 22:00,16,6,11,12,13,16,9,1
B?c Ninh,"('21.1527453', '106.111371')",31.06,80,3.7,1005,4/7/2021 22:00,78,1,19,13,53,78,31,1
H?ng Yên,"('20.661683', '106.058761')",31.06,80,3.7,1005,4/7/2021 22:00,10,0,2,10,2,3,0,1
Qu?ng Ninh,"('21.006517', '107.344252')",31.06,81,3.89,1004,4/7/2021 22:00,61,8,,20,1,2,61,1
Tp. H? Chí Minh,"('10.65961', '106.727916')",28.01,89,1.54,1007,4/7/2021 22:00,33,,,,33,25,,3
C?n Th?,"('10.026977', '105.768249')",26.99,89,2.06,1007,4/7/2021 22:00,38,,,,30,38,,3
Ngh? An,"('18.675369', '105.690945')",28.91,78,1.78,1004,4/7/2021 22:00,15,,,,15,11,,2
Gia Lai,"('13.998599', '107.996482')",31.01,76,3.86,1004,4/7/2021 21:00,50,4,11,5,37,50,14,2
Ðà N?ng,"('16.074', '108.217')",19.53,93,0.51,1010,4/7/2021 21:00,32,4,10,16,19,32,29,2
Cao B?ng,"('22.6782', '106.245')",19.53,93,0.51,1010,4/7/2021 21:00,295,,0,1,228,295,1,1
Phú Th?,"('21.33847', '105.3673')",30.92,81,3.86,1004,4/7/2021 21:00,24,,5,24,14,24,,1
Thái Nguyên,"('21.593151', '105.8431043')",30.88,79,2.3,1005,4/7/2021 21:00,102,12,14,,66,102,21,1
Hà N?i,"('21.0491', '105.8831')",31.01,76,3.86,1004,4/7/2021 21:00,17,7,11,10,15,17,9,1
B?c Ninh,"('21.1527453', '106.111371')",31.06,78,3.92,1004,4/7/2021 21:00,80,1,17,12,54,80,31,1
H?ng Yên,"('20.661683', '106.058761')",31.06,78,3.92,1004,4/7/2021 21:00,9,0,2,9,3,3,0,1
Qu?ng Ninh,"('21.006517', '107.344252')",31.06,80,3.7,1005,4/7/2021 21:00,51,9,,20,1,2,51,1
Tp. H? Chí Minh,"('10.65961', '106.727916')",28.01,83,1.54,1007,4/7/2021 21:00,35,,,,35,34,,3
C?n Th?,"('10.026977', '105.768249')",26.99,89,0.51,1007,4/7/2021 21:00,43,,,,35,43,,3
Ngh? An,"('18.675369', '105.690945')",29.14,80,2.61,1004,4/7/2021 21:00,16,,,,16,13,,2
Gia Lai,"('13.998599', '107.996482')",19.59,94,1.18,1010,4/7/2021 20:00,51,4,9,4,39,51,14,2
Ðà N?ng,"('16.074', '108.217')",31,74,1.54,1005,4/7/2021 20:00,35,4,11,18,21,35,28,2
Cao B?ng,"('22.6782', '106.245')",27.02,90,1.27,1005,4/7/2021 20:00,291,,0,1,258,291,1,1
Phú Th?,"('21.33847', '105.3673')",31.92,73,4.23,1003,4/7/2021 20:00,28,,6,28,14,22,,1
Thái Nguyên,"('21.593151', '105.8431043')",31.88,76,3.05,1004,4/7/2021 20:00,97,9,11,,64,97,10,1
Hà N?i,"('21.0491', '105.8831')",32.01,73,4.08,1003,4/7/2021 20:00,16,8,11,11,15,16,9,1
B?c Ninh,"('21.1527453', '106.111371')",32.06,76,3.96,1003,4/7/2021 20:00,87,1,8,14,57,87,31,1
H?ng Yên,"('20.661683', '106.058761')",32.06,76,3.96,1003,4/7/2021 20:00,11,0,2,11,3,3,0,1
Qu?ng Ninh,"('21.006517', '107.344252')",31.06,78,3.92,1004,4/7/2021 20:00,62,9,,20,1,2,62,1
Tp. H? Chí Minh,"('10.65961', '106.727916')",28.01,74,2.57,1007,4/7/2021 20:00,22,,,,22,18,,3
C?n Th?,"('10.026977', '105.768249')",26.99,89,1.54,1007,4/7/2021 20:00,48,,,,40,48,,3
Ngh? An,"('18.675369', '105.690945')",29.32,81,3.76,1003,4/7/2021 20:00,18,,,,18,14,,2
Gia Lai,"('13.998599', '107.996482')",19.62,95,1.39,1009,4/7/2021 19:00,49,6,14,3,42,49,14,2
Ðà N?ng,"('16.074', '108.217')",31,79,1.54,1005,4/7/2021 19:00,35,3,10,23,21,35,29,2
Cao B?ng,"('22.6782', '106.245')",27.36,89,1.63,1004,4/7/2021 19:00,287,,0,1,262,287,1,1
Phú Th?,"('21.33847', '105.3673')",32.92,66,4.25,1002,4/7/2021 19:00,24,,9,24,11,18,,1
Thái Nguyên,"('21.593151', '105.8431043')",32.88,72,3.17,1003,4/7/2021 19:00,84,9,14,,61,84,6,1
Hà N?i,"('21.0491', '105.8831')",33.01,68,5.24,1003,4/7/2021 19:00,17,8,10,17,13,15,9,1
B?c Ninh,"('21.1527453', '106.111371')",33.06,71,5.28,1003,4/7/2021 19:00,88,2,12,15,57,88,33,1
H?ng Yên,"('20.661683', '106.058761')",33.06,71,5.28,1003,4/7/2021 19:00,12,0,3,12,3,3,0,1
Qu?ng Ninh,"('21.006517', '107.344252')",32.06,76,3.96,1003,4/7/2021 19:00,63,9,,18,1,2,63,1
Tp. H? Chí Minh,"('10.65961', '106.727916')",27.01,83,2.06,1006,4/7/2021 19:00,27,,,,27,24,,3
C?n Th?,"('10.026977', '105.768249')",26.99,89,1.54,1006,4/7/2021 19:00,42,,,,35,42,,3
Ngh? An,"('18.675369', '105.690945')",29.58,80,5.3,1002,4/7/2021 19:00,20,,,,20,16,,2
Gia Lai,"('13.998599', '107.996482')",20.52,96,2.13,1008,4/7/2021 18:00,47,6,13,4,39,47,14,2
Ðà N?ng,"('16.074', '108.217')",31,74,1.54,1005,4/7/2021 18:00,37,3,11,21,23,37,28,2
Cao B?ng,"('22.6782', '106.245')",27.85,87,0.7,1002,4/7/2021 18:00,182,,0,1,142,182,1,1
Phú Th?,"('21.33847', '105.3673')",33.92,64,4.48,1000,4/7/2021 18:00,31,,11,31,9,14,,1
Thái Nguyên,"('21.593151', '105.8431043')",33.92,64,4.48,1000,4/7/2021 18:00,76,6,9,,58,76,5,1
Hà N?i,"('21.0491', '105.8831')",34.01,61,5.38,1001,4/7/2021 18:00,19,8,11,19,14,14,9,1
B?c Ninh,"('21.1527453', '106.111371')",33.88,70,3.34,1001,4/7/2021 18:00,75,1,5,17,54,75,33,1
H?ng Yên,"('20.661683', '106.058761')",33.88,70,3.34,1001,4/7/2021 18:00,16,0,2,16,2,3,0,1
Qu?ng Ninh,"('21.006517', '107.344252')",33.06,71,5.28,1003,4/7/2021 18:00,63,9,,20,1,2,63,1
Tp. H? Chí Minh,"('10.65961', '106.727916')",27.01,83,0.51,1005,4/7/2021 18:00,20,,,,20,10,,3
C?n Th?,"('10.026977', '105.768249')",27.99,94,0.51,1006,4/7/2021 18:00,39,,,,33,39,,3
Ngh? An,"('18.675369', '105.690945')",30.19,77,5.33,1001,4/7/2021 18:00,19,,,,19,13,,2
Gia Lai,"('13.998599', '107.996482')",21.49,95,4.54,1007,4/7/2021 17:00,39,6,12,4,32,39,13,2
Ðà N?ng,"('16.074', '108.217')",32,70,3.6,1004,4/7/2021 17:00,35,2,10,25,23,35,28,2
Cao B?ng,"('22.6782', '106.245')",29.21,85,0.63,1002,4/7/2021 17:00,169,,0,1,141,169,1,1
Phú Th?,"('21.33847', '105.3673')",34.92,60,4.28,1000,4/7/2021 17:00,25,,7,25,8,13,,1
Thái Nguyên,"('21.593151', '105.8431043')",34.88,65,3.99,1001,4/7/2021 17:00,70,5,7,,55,70,7,1
Hà N?i,"('21.0491', '105.8831')",35.01,59,5.5,1000,4/7/2021 17:00,25,5,11,25,13,12,9,1
B?c Ninh,"('21.1527453', '106.111371')",35.06,62,6.03,1000,4/7/2021 17:00,73,1,5,19,53,73,32,1
H?ng Yên,"('20.661683', '106.058761')",35.06,62,6.03,1000,4/7/2021 17:00,20,0,2,20,2,2,0,1
Qu?ng Ninh,"('21.006517', '107.344252')",33.88,70,3.34,1001,4/7/2021 17:00,63,9,,20,1,2,63,1
Tp. H? Chí Minh,"('10.65961', '106.727916')",28.01,69,4.63,1006,4/7/2021 17:00,26,,,,26,14,,3
C?n Th?,"('10.026977', '105.768249')",27.99,94,0,1005,4/7/2021 17:00,26,,,,24,26,,3
Ngh? An,"('18.675369', '105.690945')",31.13,73,4.79,1000,4/7/2021 17:00,12,,,,12,7,,2
Gia Lai,"('13.998599', '107.996482')",26.44,74,3.01,1004,4/7/2021 16:00,28,4,10,8,23,28,13,2
Ðà N?ng,"('16.074', '108.217')",33,66,3.6,1003,4/7/2021 16:00,29,2,11,27,22,29,28,2
Cao B?ng,"('22.6782', '106.245')",30.17,81,0.44,1002,4/7/2021 16:00,144,,0,1,123,144,1,1
Phú Th?,"('21.33847', '105.3673')",35.92,50,3.18,999,4/7/2021 16:00,27,,8,27,8,13,,1
Thái Nguyên,"('21.593151', '105.8431043')",35.88,58,4.34,1000,4/7/2021 16:00,65,4,4,,53,65,7,1
Hà N?i,"('21.0491', '105.8831')",36.01,54,5.91,1000,4/7/2021 16:00,28,5,11,28,13,13,9,1
B?c Ninh,"('21.1527453', '106.111371')",36.06,56,6.22,1000,4/7/2021 16:00,70,1,2,22,52,70,32,1
H?ng Yên,"('20.661683', '106.058761')",36.06,56,6.22,1000,4/7/2021 16:00,23,0,2,23,2,2,1,1
Qu?ng Ninh,"('21.006517', '107.344252')",35.06,62,6.03,1000,4/7/2021 16:00,63,9,,20,1,2,63,1
Tp. H? Chí Minh,"('10.65961', '106.727916')",27.01,83,9.26,1006,4/7/2021 16:00,31,,,,31,20,,3
C?n Th?,"('10.026977', '105.768249')",27.99,89,0.51,1005,4/7/2021 16:00,23,,,,23,23,,3
Ngh? An,"('18.675369', '105.690945')",32.26,66,5.36,1000,4/7/2021 16:00,10,,,,10,6,,2
Gia Lai,"('13.998599', '107.996482')",31.02,48,4.38,1004,4/7/2021 15:00,23,3,7,11,19,23,14,2
Ðà N?ng,"('16.074', '108.217')",34,59,4.63,1003,4/7/2021 15:00,28,3,11,28,21,25,28,2
Cao B?ng,"('22.6782', '106.245')",30.73,78,1.57,1002,4/7/2021 15:00,80,,0,1,80,78,1,1
Phú Th?,"('21.33847', '105.3673')",36.92,47,2.96,1000,4/7/2021 15:00,26,,7,26,9,16,,1
Thái Nguyên,"('21.593151', '105.8431043')",36.92,47,2.96,1000,4/7/2021 15:00,64,4,3,,52,64,6,1
Hà N?i,"('21.0491', '105.8831')",37.01,50,4.34,1000,4/7/2021 15:00,23,5,11,23,14,16,9,1
B?c Ninh,"('21.1527453', '106.111371')",37.01,50,4.34,1000,4/7/2021 15:00,64,1,4,22,50,64,31,1
H?ng Yên,"('20.661683', '106.058761')",37.06,54,5.74,1000,4/7/2021 15:00,21,0,2,21,2,2,1,1
Qu?ng Ninh,"('21.006517', '107.344252')",36.06,56,6.22,1000,4/7/2021 15:00,62,9,,20,1,2,62,1
Tp. H? Chí Minh,"('10.65961', '106.727916')",33.01,75,3.09,1003,4/7/2021 15:00,28,,,,28,18,,3
C?n Th?,"('10.026977', '105.768249')",27.99,83,2.06,1004,4/7/2021 15:00,19,,,,19,19,,3
Ngh? An,"('18.675369', '105.690945')",36.88,51,3.29,1000,4/7/2021 15:00,9,,,,9,5,,2
Gia Lai,"('13.998599', '107.996482')",32.2,43,4.8,1003,4/7/2021 14:00,25,2,5,12,20,25,14,2
Ðà N?ng,"('16.074', '108.217')",35,52,3.6,1003,4/7/2021 14:00,28,1,11,28,19,25,28,2
Cao B?ng,"('22.6782', '106.245')",33.66,61,2.47,1002,4/7/2021 14:00,80,,0,2,80,80,1,1
Phú Th?,"('21.33847', '105.3673')",35.92,47,3.24,1000,4/7/2021 14:00,25,,6,25,12,20,,1
Thái Nguyên,"('21.593151', '105.8431043')",35.88,49,2.77,1001,4/7/2021 14:00,63,4,3,,52,63,4,1
Hà N?i,"('21.0491', '105.8831')",35.88,49,2.77,1001,4/7/2021 14:00,25,5,11,25,17,20,9,1
B?c Ninh,"('21.1527453', '106.111371')",36.01,45,1.83,1000,4/7/2021 14:00,52,1,1,21,40,52,31,1
H?ng Yên,"('20.661683', '106.058761')",36.01,45,1.83,1000,4/7/2021 14:00,23,0,3,23,2,2,1,1
Qu?ng Ninh,"('21.006517', '107.344252')",36.88,51,3.29,1000,4/7/2021 14:00,62,8,,20,1,2,62,1
Tp. H? Chí Minh,"('10.65961', '106.727916')",30.01,89,1.03,1004,4/7/2021 14:00,18,,,,18,14,,3
C?n Th?,"('10.026977', '105.768249')",28.99,74,3.09,1005,4/7/2021 14:00,13,,,,13,12,,3
Ngh? An,"('18.675369', '105.690945')",34.87,55,5.65,1000,4/7/2021 14:00,7,,,,7,5,,2
Gia Lai,"('13.998599', '107.996482')",32.89,41,4.01,1005,4/7/2021 13:00,27,2,5,12,21,27,13,2
Ðà N?ng,"('16.074', '108.217')",35,49,4.12,1004,4/7/2021 13:00,35,1,11,35,23,27,35,2
Cao B?ng,"('22.6782', '106.245')",34.44,55,3.06,1002,4/7/2021 13:00,92,,0,1,92,83,1,1
Phú Th?,"('21.33847', '105.3673')",35.92,46,3.13,1001,4/7/2021 13:00,32,,5,32,16,28,,1
Thái Nguyên,"('21.593151', '105.8431043')",35.88,50,2.75,1001,4/7/2021 13:00,60,4,3,,50,60,5,1
Hà N?i,"('21.0491', '105.8831')",36.01,42,0.72,1000,4/7/2021 13:00,24,7,11,23,20,24,9,1
B?c Ninh,"('21.1527453', '106.111371')",36.06,45,2.38,1001,4/7/2021 13:00,64,1,1,21,50,64,31,1
H?ng Yên,"('20.661683', '106.058761')",36.06,45,2.38,1001,4/7/2021 13:00,23,0,4,23,2,2,0,1
Qu?ng Ninh,"('21.006517', '107.344252')",36.01,45,1.83,1000,4/7/2021 13:00,62,8,,20,1,2,62,1
Tp. H? Chí Minh,"('10.65961', '106.727916')",29.01,94,1.54,1005,4/7/2021 13:00,15,,,,15,11,,3
C?n Th?,"('10.026977', '105.768249')",28.99,70,5.66,1005,4/7/2021 13:00,12,,,,12,10,,3
Ngh? An,"('18.675369', '105.690945')",35.91,50,4.78,1001,4/7/2021 13:00,9,,,,9,5,,2
Gia Lai,"('13.998599', '107.996482')",32.97,42,3.42,1006,4/7/2021 12:00,32,2,5,13,26,32,14,2
Ðà N?ng,"('16.074', '108.217')",37,47,3.6,1004,4/7/2021 12:00,39,5,10,30,30,34,39,2
Cao B?ng,"('22.6782', '106.245')",32.17,67,2.67,1003,4/7/2021 12:00,108,,0,1,108,86,1,1
Phú Th?,"('21.33847', '105.3673')",35.92,49,2.02,1002,4/7/2021 12:00,35,,6,23,19,35,,1
Thái Nguyên,"('21.593151', '105.8431043')",35.88,52,2.7,1002,4/7/2021 12:00,55,4,4,,45,55,6,1
Hà N?i,"('21.0491', '105.8831')",36.01,48,0.73,1002,4/7/2021 12:00,25,7,11,22,23,25,9,1
B?c Ninh,"('21.1527453', '106.111371')",36.06,46,2.09,1002,4/7/2021 12:00,73,1,2,21,52,73,32,1
H?ng Yên,"('20.661683', '106.058761')",36.06,46,2.09,1002,4/7/2021 12:00,16,0,7,16,2,2,0,1
Qu?ng Ninh,"('21.006517', '107.344252')",36.06,45,2.38,1001,4/7/2021 12:00,62,9,,20,2,2,62,1
Tp. H? Chí Minh,"('10.65961', '106.727916')",30.01,89,1.54,1006,4/7/2021 12:00,15,,,,15,11,,3
C?n Th?,"('10.026977', '105.768249')",31.99,74,4.12,1006,4/7/2021 12:00,12,,,,12,9,,3
Ngh? An,"('18.675369', '105.690945')",36.23,48,4.06,1002,4/7/2021 12:00,12,,,,12,6,,2
Gia Lai,"('13.998599', '107.996482')",32.4,44,2.98,1007,4/7/2021 11:00,34,3,7,11,28,34,14,2
Ðà N?ng,"('16.074', '108.217')",37,47,3.09,1005,4/7/2021 11:00,44,4,11,33,38,39,44,2
Cao B?ng,"('22.6782', '106.245')",33.85,58,3.32,1004,4/7/2021 11:00,108,,0,1,108,88,1,1
Phú Th?,"('21.33847', '105.3673')",34.92,51,1.54,1003,4/7/2021 11:00,38,,6,24,21,38,,1
Thái Nguyên,"('21.593151', '105.8431043')",34.88,55,2.81,1003,4/7/2021 11:00,47,4,5,,39,47,7,1
Hà N?i,"('21.0491', '105.8831')",35.01,50,0.33,1003,4/7/2021 11:00,22,11,10,7,21,22,10,1
B?c Ninh,"('21.1527453', '106.111371')",35.06,48,2.16,1003,4/7/2021 11:00,77,1,4,23,53,77,33,1
H?ng Yên,"('20.661683', '106.058761')",35.06,48,2.16,1003,4/7/2021 11:00,13,0,13,10,2,2,0,1
Qu?ng Ninh,"('21.006517', '107.344252')",36.06,46,2.09,1002,4/7/2021 11:00,62,9,,20,2,3,62,1
Tp. H? Chí Minh,"('10.65961', '106.727916')",28.01,89,4.12,1007,4/7/2021 11:00,15,,,,15,12,,3
C?n Th?,"('10.026977', '105.768249')",32.99,70,4.12,1007,4/7/2021 11:00,12,,,,12,9,,3
Ngh? An,"('18.675369', '105.690945')",36.18,46,2.33,1002,4/7/2021 11:00,15,,,,15,8,,2
Gia Lai,"('13.998599', '107.996482')",31.48,48,2.45,1008,4/7/2021 10:00,38,3,7,11,30,38,14,2
Ðà N?ng,"('16.074', '108.217')",37,44,1.54,1005,4/7/2021 10:00,46,5,11,32,35,38,46,2
Cao B?ng,"('22.6782', '106.245')",33.43,60,2.76,1005,4/7/2021 10:00,114,,0,1,114,90,1,1
Phú Th?,"('21.33847', '105.3673')",33.92,55,0.44,1004,4/7/2021 10:00,42,,5,20,23,42,,1
Thái Nguyên,"('21.593151', '105.8431043')",33.88,58,2.66,1004,4/7/2021 10:00,54,5,5,,45,54,7,1
Hà N?i,"('21.0491', '105.8831')",34.01,54,0.37,1003,4/7/2021 10:00,21,14,11,8,21,21,9,1
B?c Ninh,"('21.1527453', '106.111371')",34.06,52,2.41,1003,4/7/2021 10:00,79,1,10,16,54,79,32,1
H?ng Yên,"('20.661683', '106.058761')",34.06,52,2.41,1003,4/7/2021 10:00,9,0,8,9,2,2,0,1
Qu?ng Ninh,"('21.006517', '107.344252')",35.06,48,2.16,1003,4/7/2021 10:00,63,7,,20,2,4,63,1
Tp. H? Chí Minh,"('10.65961', '106.727916')",32.01,74,3.09,1007,4/7/2021 10:00,17,,,,17,13,,3
C?n Th?,"('10.026977', '105.768249')",32.99,70,3.09,1007,4/7/2021 10:00,12,,,,12,10,,3
Ngh? An,"('18.675369', '105.690945')",35.67,48,0.59,1003,4/7/2021 10:00,18,,,,18,10,,2
Gia Lai,"('13.998599', '107.996482')",30,53,2.02,1008,4/7/2021 9:00,43,3,8,8,33,43,14,2
Ðà N?ng,"('16.074', '108.217')",35,49,1.03,1006,4/7/2021 9:00,42,7,11,18,39,42,38,2
Cao B?ng,"('22.6782', '106.245')",32.03,65,2.37,1005,4/7/2021 9:00,111,,0,1,111,87,1,1
Phú Th?,"('21.33847', '105.3673')",32.92,60,0.82,1004,4/7/2021 9:00,39,,4,20,21,39,,1
Thái Nguyên,"('21.593151', '105.8431043')",32.88,63,2.45,1004,4/7/2021 9:00,55,6,7,,46,55,8,1
Hà N?i,"('21.0491', '105.8831')",33.01,58,0.67,1004,4/7/2021 9:00,25,13,11,25,17,19,9,1
B?c Ninh,"('21.1527453', '106.111371')",33.06,57,2.7,1004,4/7/2021 9:00,71,1,5,14,52,71,32,1
H?ng Yên,"('20.661683', '106.058761')",33.06,57,2.7,1004,4/7/2021 9:00,11,0,11,2,2,2,0,1
Qu?ng Ninh,"('21.006517', '107.344252')",34.06,52,2.41,1003,4/7/2021 9:00,61,9,,20,2,5,61,1
Tp. H? Chí Minh,"('10.65961', '106.727916')",31.01,89,3.6,1008,4/7/2021 9:00,20,,,,20,15,,3
C?n Th?,"('10.026977', '105.768249')",30.99,84,4.12,1008,4/7/2021 9:00,14,,,,14,12,,3
Ngh? An,"('18.675369', '105.690945')",34.26,53,1.13,1004,4/7/2021 9:00,23,,,,23,13,,2
Gia Lai,"('13.998599', '107.996482')",27.88,62,1.78,1008,4/7/2021 8:00,40,3,7,7,32,40,14,2
Ðà N?ng,"('16.074', '108.217')",33,55,1.03,1006,4/7/2021 8:00,40,3,10,13,33,40,32,2
Cao B?ng,"('22.6782', '106.245')",29.91,75,1.58,1005,4/7/2021 8:00,105,,0,1,105,86,1,1
Phú Th?,"('21.33847', '105.3673')",31.92,66,1.26,1004,4/7/2021 8:00,38,,2,15,20,38,,1
Thái Nguyên,"('21.593151', '105.8431043')",31.88,68,1.94,1004,4/7/2021 8:00,57,6,8,,46,57,7,1
Hà N?i,"('21.0491', '105.8831')",32.01,63,0.39,1004,4/7/2021 8:00,30,11,11,30,13,17,8,1
B?c Ninh,"('21.1527453', '106.111371')",32.06,62,2.97,1004,4/7/2021 8:00,76,1,6,13,52,76,32,1
H?ng Yên,"('20.661683', '106.058761')",32.06,62,2.97,1004,4/7/2021 8:00,8,0,8,3,2,2,0,1
Qu?ng Ninh,"('21.006517', '107.344252')",33.06,57,2.7,1004,4/7/2021 8:00,61,9,,20,2,6,61,1
Tp. H? Chí Minh,"('10.65961', '106.727916')",31.01,84,2.57,1008,4/7/2021 8:00,25,,,,25,18,,3
C?n Th?,"('10.026977', '105.768249')",27.99,89,3.6,1008,4/7/2021 8:00,15,,,,15,12,,3
Ngh? An,"('18.675369', '105.690945')",32.46,58,1.76,1004,4/7/2021 8:00,29,,,,29,17,,2
Qu?ng Ninh,"('21.006517', '107.344252')",32.06,62,2.97,1004,4/7/2021 7:00,61,9,,20,2,5,61,1
B?c Ninh,"('21.1527453', '106.111371')",31.06,62,2.97,1004,4/7/2021 7:00,88,1,10,13,54,88,32,1
Cao B?ng,"('22.6782', '106.245')",29.91,74,1.58,1005,4/7/2021 7:00,81,,1,0,80,81,1,1
Ðà N?ng,"('16.074', '108.217')",32,69,1.53,1006,4/7/2021 7:00,38,5,10,6,29,38,31,2
Gia Lai,"('13.998599', '107.996482')",20.41,94,1.14,1010,4/7/2021 7:00,48,5,13,3,38,48,15,2
Hà N?i,"('21.0491', '105.8831')",32.01,64,1.32,1003,4/7/2021 7:00,28,8,11,28,14,19,8,1
H?ng Yên,"('20.661683', '106.058761')",32.05,64,2.88,1002,4/7/2021 7:00,5,0,3,5,2,2,0,1
Phú Th?,"('21.33847', '105.3673')",30.92,68,0.94,1003,4/7/2021 7:00,36,,1,9,19,36,,1
Thái Nguyên,"('21.593151', '105.8431043')",30.88,68,1.9,1003,4/7/2021 7:00,53,6,12,,42,53,11,1
C?n Th?,"('10.026977', '105.768249')",26.99,88,3.54,1008,4/7/2021 7:00,16,,,,16,14,,3
Tp. H? Chí Minh,"('10.65961', '106.727916')",29.01,84,2.59,1007,4/7/2021 7:00,34,,,,34,22,,3
Ngh? An,"('18.675369', '105.690945')",31.86,66,1.7,1003,4/7/2021 7:00,29,,,,29,17,,2
B?c Ninh,"('21.1527453', '106.111371')",30.46,61,2.95,1004,4/7/2021 6:00,88,1,6,12,53,88,31,1
Cao B?ng,"('22.6782', '106.245')",28.91,79,1.42,1004,4/7/2021 6:00,79,,1,0,68,79,1,1
Ðà N?ng,"('16.074', '108.217')",30,69,1.52,1006,4/7/2021 6:00,32,3,11,6,21,32,30,2
Gia Lai,"('13.998599', '107.996482')",20.61,94,1.24,1009,4/7/2021 6:00,39,6,13,1,32,39,15,2
Hà N?i,"('21.0491', '105.8831')",31.51,68,2.02,1002,4/7/2021 6:00,23,6,11,22,17,23,8,1
H?ng Yên,"('20.661683', '106.058761')",30.96,68,3.11,1002,4/7/2021 6:00,6,0,3,6,2,2,0,1
Phú Th?,"('21.33847', '105.3673')",30.92,69,0.75,1004,4/7/2021 6:00,36,,1,14,18,36,,1
Qu?ng Ninh,"('21.006517', '107.344252')",32.06,66,2.73,1002,4/7/2021 6:00,61,9,,20,2,5,61,1
Thái Nguyên,"('21.593151', '105.8431043')",30.88,68,1.66,1002,4/7/2021 6:00,52,5,15,,42,52,13,1
C?n Th?,"('10.026977', '105.768249')",25.99,90,3.96,1007,4/7/2021 6:00,15,,,,15,12,,3
Tp. H? Chí Minh,"('10.65961', '106.727916')",27.01,80,3.39,1005,4/7/2021 6:00,49,,,,49,25,,3
Ngh? An,"('18.675369', '105.690945')",30.44,68,1.62,1004,4/7/2021 6:00,20,,,,20,14,,2
B?c Ninh,"('21.1527453', '106.111371')",29.8,61,3.01,1003,4/7/2021 5:00,87,1,12,13,52,87,31,1
Cao B?ng,"('22.6782', '106.245')",27.51,83,1.85,1003,4/7/2021 5:00,69,,1,0,62,69,1,1
Ðà N?ng,"('16.074', '108.217')",29,72,1.54,1005,4/7/2021 5:00,29,1,10,6,19,27,29,2
Gia Lai,"('13.998599', '107.996482')",19.51,95,1.13,1010,4/7/2021 5:00,36,4,11,1,29,36,15,2
Hà N?i,"('21.0491', '105.8831')",30.01,68,3.62,1002,4/7/2021 5:00,22,3,11,14,17,22,8,1
H?ng Yên,"('20.661683', '106.058761')",30.15,70,3.52,1003,4/7/2021 5:00,6,0,3,6,2,2,0,1
Phú Th?,"('21.33847', '105.3673')",31.53,70,0.84,1002,4/7/2021 5:00,37,,2,11,19,37,,1
Qu?ng Ninh,"('21.006517', '107.344252')",31.06,69,3.13,1003,4/7/2021 5:00,59,8,,20,2,5,59,1
Thái Nguyên,"('21.593151', '105.8431043')",30.88,69,2.31,1003,4/7/2021 5:00,72,5,15,,54,72,13,1
C?n Th?,"('10.026977', '105.768249')",25.99,94,3.54,1007,4/7/2021 5:00,15,,,,15,13,,3
Tp. H? Chí Minh,"('10.65961', '106.727916')",28.01,76,4.09,1007,4/7/2021 5:00,55,,,,55,27,,3
Ngh? An,"('18.675369', '105.690945')",29.18,70,1.62,1002,4/7/2021 5:00,15,,,,15,12,,2
B?c Ninh,"('21.1527453', '106.111371')",29.36,62,2.31,1002,4/7/2021 4:00,81,1,7,13,51,81,32,1
Cao B?ng,"('22.6782', '106.245')",25.01,85,1.53,1004,4/7/2021 4:00,72,,1,0,64,72,1,1
Ðà N?ng,"('16.074', '108.217')",28,73,1.32,1005,4/7/2021 4:00,31,1,10,8,17,24,31,2
Gia Lai,"('13.998599', '107.996482')",19.1,95,1.24,1009,4/7/2021 4:00,28,2,11,1,21,28,14,2
Hà N?i,"('21.0491', '105.8831')",29.91,71,3.32,1003,4/7/2021 4:00,19,3,11,14,14,19,8,1
H?ng Yên,"('20.661683', '106.058761')",30.01,73,4.15,1004,4/7/2021 4:00,7,0,3,7,2,2,0,1
Phú Th?,"('21.33847', '105.3673')",30.92,69,1.01,1002,4/7/2021 4:00,35,,3,14,18,35,,1
Qu?ng Ninh,"('21.006517', '107.344252')",30.06,73,3.32,1002,4/7/2021 4:00,60,9,,20,2,3,60,1
Thái Nguyên,"('21.593151', '105.8431043')",29.88,70,1.31,1004,4/7/2021 4:00,99,5,15,,62,99,10,1
C?n Th?,"('10.026977', '105.768249')",26.99,95,2.96,1008,4/7/2021 4:00,13,,,,13,12,,3
Tp. H? Chí Minh,"('10.65961', '106.727916')",28.01,74,3.59,1006,4/7/2021 4:00,40,,,,40,21,,3
Ngh? An,"('18.675369', '105.690945')",28.23,73,1.43,1005,4/7/2021 4:00,14,,,,14,9,,2
B?c Ninh,"('21.1527453', '106.111371')",29.36,61,2.51,1002,4/7/2021 3:00,91,1,13,14,54,91,33,1
Cao B?ng,"('22.6782', '106.245')",25.91,92,1.53,1003,4/7/2021 3:00,73,,1,0,64,73,1,1
Ðà N?ng,"('16.074', '108.217')",27,75,1.61,1005,4/7/2021 3:00,29,1,10,8,17,22,29,2
Gia Lai,"('13.998599', '107.996482')",18.41,96,1.3,1011,4/7/2021 3:00,32,1,7,2,23,32,14,2
Hà N?i,"('21.0491', '105.8831')",29.31,72,4.52,1002,4/7/2021 3:00,16,2,11,14,13,16,8,1
H?ng Yên,"('20.661683', '106.058761')",29.03,72,3.68,1002,4/7/2021 3:00,7,0,3,7,2,2,0,1
Phú Th?,"('21.33847', '105.3673')",30.32,73,1.33,1002,4/7/2021 3:00,32,,3,16,16,32,,1
Qu?ng Ninh,"('21.006517', '107.344252')",29.06,74,3.83,1002,4/7/2021 3:00,59,8,,20,2,4,59,1
Thái Nguyên,"('21.593151', '105.8431043')",28.88,76,2.55,1003,4/7/2021 3:00,116,6,15,,66,116,10,1
C?n Th?,"('10.026977', '105.768249')",25.99,95,3.54,1007,4/7/2021 3:00,15,,,,15,15,,3
Tp. H? Chí Minh,"('10.65961', '106.727916')",27.01,76,3.59,1006,4/7/2021 3:00,47,,,,47,21,,3
Ngh? An,"('18.675369', '105.690945')",27.16,75,1.83,1003,4/7/2021 3:00,12,,,,12,7,,2
B?c Ninh,"('21.1527453', '106.111371')",29.14,60,4.63,1002,4/7/2021 2:00,89,1,18,13,54,89,33,1
Cao B?ng,"('22.6782', '106.245')",25.31,94,1.08,1003,4/7/2021 2:00,73,,1,0,66,73,1,1
Ðà N?ng,"('16.074', '108.217')",26,70,1.55,1006,4/7/2021 2:00,30,1,11,8,17,21,30,2
Gia Lai,"('13.998599', '107.996482')",18.5,94,1.14,1010,4/7/2021 2:00,44,1,7,2,30,44,14,2
Hà N?i,"('21.0491', '105.8831')",29.01,72,4.52,1003,4/7/2021 2:00,15,2,11,15,13,15,8,1
H?ng Yên,"('20.661683', '106.058761')",29.56,74,4.83,1002,4/7/2021 2:00,8,0,3,8,2,2,0,1
Phú Th?,"('21.33847', '105.3673')",39.12,72,1.54,1003,4/7/2021 2:00,27,,5,18,14,27,,1
Qu?ng Ninh,"('21.006517', '107.344252')",29.06,76,4.52,1002,4/7/2021 2:00,60,9,,20,2,4,60,1
Thái Nguyên,"('21.593151', '105.8431043')",28.88,74,1.55,1003,4/7/2021 2:00,125,6,13,,67,125,8,1
C?n Th?,"('10.026977', '105.768249')",25.99,96,3.54,1008,4/7/2021 2:00,18,,,,16,18,,3
Tp. H? Chí Minh,"('10.65961', '106.727916')",27.01,74,4.19,1005,4/7/2021 2:00,44,,,,44,19,,3
Ngh? An,"('18.675369', '105.690945')",26.02,76,2.02,1004,4/7/2021 2:00,11,,,,11,7,,2
Gia Lai,"('13.998599', '107.996482')",18.73,92,1.75,1008,4/7/2021 1:00,38,2,9,2,28,38,14,2
Ðà N?ng,"('16.074', '108.217')",27,74,2.06,1005,4/7/2021 1:00,32,2,11,8,21,22,32,2
Cao B?ng,"('22.6782', '106.245')",25.53,94,0.64,1004,4/7/2021 1:00,78,,0,1,74,78,1,1
Phú Th?,"('21.33847', '105.3673')",31.92,75,0.93,1002,4/7/2021 1:00,27,,6,23,14,27,,1
Thái Nguyên,"('21.593151', '105.8431043')",31.88,78,1.45,1002,4/7/2021 1:00,120,6,13,,64,120,5,1
Hà N?i,"('21.0491', '105.8831')",32.01,72,3.03,1002,4/7/2021 1:00,19,2,11,14,17,19,8,1
B?c Ninh,"('21.1527453', '106.111371')",32.06,73,3.67,1002,4/7/2021 1:00,91,1,8,13,56,91,32,1
H?ng Yên,"('20.661683', '106.058761')",32.06,73,3.67,1002,4/7/2021 1:00,9,0,2,9,2,2,0,1
Qu?ng Ninh,"('21.006517', '107.344252')",29.06,75,3.83,1004,4/7/2021 1:00,60,9,,20,2,6,60,1
Tp. H? Chí Minh,"('10.65961', '106.727916')",28.01,89,2.57,1006,4/7/2021 1:00,45,,,,45,19,,3
C?n Th?,"('10.026977', '105.768249')",25.36,93,1.46,1007,4/7/2021 1:00,22,,,,19,22,,3
Ngh? An,"('18.675369', '105.690945')",28.15,67,1.23,1002,4/7/2021 1:00,10,,,,10,6,,2
Gia Lai,"('13.998599', '107.996482')",19.41,93,1.68,1009,4/7/2021 0:00,30,1,5,4,23,30,14,2
Ðà N?ng,"('16.074', '108.217')",27,74,1.54,1005,4/7/2021 0:00,33,2,11,10,20,21,33,2
Cao B?ng,"('22.6782', '106.245')",25.41,95,0.31,1004,4/7/2021 0:00,93,,0,1,93,93,1,1
Phú Th?,"('21.33847', '105.3673')",31.92,71,0.8,1002,4/7/2021 0:00,27,,4,20,14,27,,1
Thái Nguyên,"('21.593151', '105.8431043')",31.88,76,1.86,1002,4/7/2021 0:00,117,7,13,,64,117,4,1
Hà N?i,"('21.0491', '105.8831')",32.01,74,3.82,1002,4/7/2021 0:00,18,4,11,9,18,18,9,1
B?c Ninh,"('21.1527453', '106.111371')",32.06,76,4.38,1002,4/7/2021 0:00,109,1,12,14,64,109,32,1
H?ng Yên,"('20.661683', '106.058761')",32.06,76,4.38,1002,4/7/2021 0:00,7,0,3,7,2,2,0,1
Qu?ng Ninh,"('21.006517', '107.344252')",32.06,73,3.67,1002,4/7/2021 0:00,59,8,,20,2,4,59,1
Tp. H? Chí Minh,"('10.65961', '106.727916')",28.01,83,2.57,1007,4/7/2021 0:00,51,,,,51,20,,3
C?n Th?,"('10.026977', '105.768249')",26.99,94,2.06,1007,4/7/2021 0:00,25,,,,21,25,,3
Ngh? An,"('18.675369', '105.690945')",28.45,68,1.04,1002,4/7/2021 0:00,11,,,,11,7,,2
Gia Lai,"('13.998599', '107.996482')",19.41,94,1.14,1010,3/7/2021 23:00,30,2,7,3,26,30,14,2
Ðà N?ng,"('16.074', '108.217')",28,69,1.54,1006,3/7/2021 23:00,29,2,11,12,24,24,29,2
Cao B?ng,"('22.6782', '106.245')",25.47,94,0.26,1004,3/7/2021 23:00,100,,0,1,95,100,1,1
Phú Th?,"('21.33847', '105.3673')",30.92,68,0.94,1002,3/7/2021 23:00,27,,3,25,14,27,,1
Thái Nguyên,"('21.593151', '105.8431043')",30.88,73,1.66,1003,3/7/2021 23:00,122,7,12,,67,122,5,1
Hà N?i,"('21.0491', '105.8831')",31.01,70,4.32,1002,3/7/2021 23:00,19,7,10,7,19,19,9,1
B?c Ninh,"('21.1527453', '106.111371')",31.06,72,4.83,1002,3/7/2021 23:00,130,2,13,13,74,130,32,1
H?ng Yên,"('20.661683', '106.058761')",31.06,72,4.83,1002,3/7/2021 23:00,7,0,3,7,2,2,0,1
Qu?ng Ninh,"('21.006517', '107.344252')",32.06,76,4.38,1002,3/7/2021 23:00,59,8,,20,1,2,59,1
Tp. H? Chí Minh,"('10.65961', '106.727916')",29.01,84,3.09,1007,3/7/2021 23:00,40,,,,40,17,,3
C?n Th?,"('10.026977', '105.768249')",26.99,94,2.06,1008,3/7/2021 23:00,28,,,,23,28,,3
Ngh? An,"('18.675369', '105.690945')",28.86,66,1.43,1003,3/7/2021 23:00,13,,,,13,9,,2
Gia Lai,"('13.998599', '107.996482')",19.26,96,0.76,1010,3/7/2021 22:00,30,3,7,4,26,30,14,2
Ðà N?ng,"('16.074', '108.217')",28,69,1.03,1007,3/7/2021 22:00,29,6,11,9,26,21,29,2
Cao B?ng,"('22.6782', '106.245')",25.69,94,0.52,1004,3/7/2021 22:00,102,,0,1,96,102,1,1
Phú Th?,"('21.33847', '105.3673')",30.92,66,1,1002,3/7/2021 22:00,28,,3,23,15,28,,1
Thái Nguyên,"('21.593151', '105.8431043')",30.88,71,1.41,1003,3/7/2021 22:00,117,8,12,,66,117,10,1
Hà N?i,"('21.0491', '105.8831')",31.01,66,4.4,1002,3/7/2021 22:00,27,9,11,7,24,27,9,1
B?c Ninh,"('21.1527453', '106.111371')",31.06,67,4.87,1003,3/7/2021 22:00,143,2,24,14,81,143,31,1
H?ng Yên,"('20.661683', '106.058761')",31.06,67,4.87,1003,3/7/2021 22:00,8,0,1,8,2,2,0,1
Qu?ng Ninh,"('21.006517', '107.344252')",31.06,72,4.83,1002,3/7/2021 22:00,52,9,,20,1,2,52,1
Tp. H? Chí Minh,"('10.65961', '106.727916')",29.01,79,2.06,1008,3/7/2021 22:00,28,,,,28,15,,3
C?n Th?,"('10.026977', '105.768249')",27.99,89,1.54,1007,3/7/2021 22:00,28,,,,24,28,,3
Ngh? An,"('18.675369', '105.690945')",29.26,64,1.6,1003,3/7/2021 22:00,16,,,,16,11,,2
Gia Lai,"('13.998599', '107.996482')",19.41,96,0.63,1010,3/7/2021 21:00,36,2,6,6,30,36,13,2
Ðà N?ng,"('16.074', '108.217')",19.41,96,0.63,1010,3/7/2021 21:00,28,4,11,14,28,19,28,2
Cao B?ng,"('22.6782', '106.245')",26.26,90,0.56,1004,3/7/2021 21:00,106,,0,1,106,103,1,1
Phú Th?,"('21.33847', '105.3673')",30.92,63,1.17,1002,3/7/2021 21:00,29,,3,24,15,29,,1
Thái Nguyên,"('21.593151', '105.8431043')",30.88,70,1.43,1003,3/7/2021 21:00,105,8,13,,62,105,7,1
Hà N?i,"('21.0491', '105.8831')",31.01,62,3.9,1002,3/7/2021 21:00,41,8,11,18,33,41,9,1
B?c Ninh,"('21.1527453', '106.111371')",31.06,64,4.54,1002,3/7/2021 21:00,154,3,22,14,91,154,31,1
H?ng Yên,"('20.661683', '106.058761')",31.06,64,4.54,1002,3/7/2021 21:00,10,0,2,10,3,3,0,1
Qu?ng Ninh,"('21.006517', '107.344252')",31.06,67,4.87,1003,3/7/2021 21:00,60,9,,20,1,2,60,1
Tp. H? Chí Minh,"('10.65961', '106.727916')",29.01,74,3.09,1007,3/7/2021 21:00,25,,,,25,15,,3
C?n Th?,"('10.026977', '105.768249')",27.99,89,2.06,1007,3/7/2021 21:00,33,,,,28,33,,3
Ngh? An,"('18.675369', '105.690945')",29.68,62,1.69,1003,3/7/2021 21:00,20,,,,20,13,,2
Gia Lai,"('13.998599', '107.996482')",19.84,96,2.46,1009,3/7/2021 20:00,46,5,12,2,36,46,13,2
Ðà N?ng,"('16.074', '108.217')",28,69,1.03,1006,3/7/2021 20:00,40,2,11,18,40,22,28,2
Cao B?ng,"('22.6782', '106.245')",26.68,89,0.62,1003,3/7/2021 20:00,109,,0,1,109,101,1,1
Phú Th?,"('21.33847', '105.3673')",30.92,60,0.89,1001,3/7/2021 20:00,28,,6,25,15,28,,1
Thái Nguyên,"('21.593151', '105.8431043')",30.88,68,1.37,1002,3/7/2021 20:00,77,8,14,,52,77,7,1
Hà N?i,"('21.0491', '105.8831')",31.01,58,3.57,1002,3/7/2021 20:00,37,9,10,24,31,37,9,1
B?c Ninh,"('21.1527453', '106.111371')",31.06,63,4.13,1002,3/7/2021 20:00,150,4,14,18,84,150,32,1
H?ng Yên,"('20.661683', '106.058761')",31.06,63,4.13,1002,3/7/2021 20:00,11,0,3,11,4,3,0,1
Qu?ng Ninh,"('21.006517', '107.344252')",31.06,64,4.54,1002,3/7/2021 20:00,61,9,,18,1,2,61,1
Tp. H? Chí Minh,"('10.65961', '106.727916')",29.01,74,3.09,1006,3/7/2021 20:00,20,,,,20,15,,3
C?n Th?,"('10.026977', '105.768249')",27.99,89,2.57,1007,3/7/2021 20:00,35,,,,30,35,,3
Ngh? An,"('18.675369', '105.690945')",30.31,62,2.07,1002,3/7/2021 20:00,25,,,,25,15,,2
Gia Lai,"('13.998599', '107.996482')",19.7,95,1.52,1009,3/7/2021 19:00,48,5,11,4,37,48,13,2
Ðà N?ng,"('16.074', '108.217')",27,74,3.6,1006,3/7/2021 19:00,51,3,11,23,51,27,27,2
Cao B?ng,"('22.6782', '106.245')",26.93,89,0.35,1003,3/7/2021 19:00,98,,0,1,98,94,1,1
Phú Th?,"('21.33847', '105.3673')",31.92,58,0.73,1001,3/7/2021 19:00,24,,10,22,13,24,,1
Thái Nguyên,"('21.593151', '105.8431043')",31.88,66,0.9,1001,3/7/2021 19:00,63,6,11,,50,63,9,1
Hà N?i,"('21.0491', '105.8831')",32.01,52,2.86,1001,3/7/2021 19:00,28,8,11,28,21,23,9,1
B?c Ninh,"('21.1527453', '106.111371')",32.06,58,3.69,1001,3/7/2021 19:00,120,4,13,21,78,120,34,1
H?ng Yên,"('20.661683', '106.058761')",32.06,58,3.69,1001,3/7/2021 19:00,13,0,3,13,3,3,0,1
Qu?ng Ninh,"('21.006517', '107.344252')",31.06,63,4.13,1002,3/7/2021 19:00,61,9,,19,1,2,61,1
Tp. H? Chí Minh,"('10.65961', '106.727916')",29.01,74,1.54,1006,3/7/2021 19:00,23,,,,23,17,,3
C?n Th?,"('10.026977', '105.768249')",28.99,84,2.06,1007,3/7/2021 19:00,35,,,,32,35,,3
Ngh? An,"('18.675369', '105.690945')",30.91,61,2.16,1002,3/7/2021 19:00,23,,,,23,11,,2
Gia Lai,"('13.998599', '107.996482')",19.83,95,5.52,1009,3/7/2021 18:00,34,5,10,5,29,34,13,2
Ðà N?ng,"('16.074', '108.217')",33,55,2.06,1005,3/7/2021 18:00,26,2,11,25,17,23,26,2
Cao B?ng,"('22.6782', '106.245')",27.38,88,0.3,1002,3/7/2021 18:00,87,,0,1,80,87,1,1
Phú Th?,"('21.33847', '105.3673')",32.92,55,0.46,999,3/7/2021 18:00,30,,19,30,7,12,,1
Thái Nguyên,"('21.593151', '105.8431043')",32.88,65,1.02,1000,3/7/2021 18:00,74,6,7,,55,74,4,1
Hà N?i,"('21.0491', '105.8831')",33.01,48,2.07,999,3/7/2021 18:00,17,7,11,17,10,10,8,1
B?c Ninh,"('21.1527453', '106.111371')",33.06,52,2.43,1000,3/7/2021 18:00,85,3,14,22,69,85,35,1
H?ng Yên,"('20.661683', '106.058761')",33.06,52,2.43,1000,3/7/2021 18:00,14,0,2,14,2,2,0,1
Qu?ng Ninh,"('21.006517', '107.344252')",32.06,58,3.69,1001,3/7/2021 18:00,61,9,,20,1,2,61,1
Tp. H? Chí Minh,"('10.65961', '106.727916')",29.01,84,5.66,1005,3/7/2021 18:00,23,,,,23,16,,3
C?n Th?,"('10.026977', '105.768249')",28.99,79,1.54,1005,3/7/2021 18:00,33,,,,32,33,,3
Ngh? An,"('18.675369', '105.690945')",31.87,56,2.89,1000,3/7/2021 18:00,21,,,,21,10,,2
Gia Lai,"('13.998599', '107.996482')",22.66,87,1.34,1007,3/7/2021 17:00,19,3,7,8,19,19,13,2
Ðà N?ng,"('16.074', '108.217')",33,62,3.6,1003,3/7/2021 17:00,28,6,11,22,18,20,28,2
Cao B?ng,"('22.6782', '106.245')",28.55,86,0.16,1001,3/7/2021 17:00,93,,0,1,93,89,1,1
Phú Th?,"('21.33847', '105.3673')",33.92,54,0.89,999,3/7/2021 17:00,20,,11,20,6,10,,1
Thái Nguyên,"('21.593151', '105.8431043')",33.88,61,0.6,999,3/7/2021 17:00,84,6,6,,57,84,4,1
Hà N?i,"('21.0491', '105.8831')",34.01,46,1.67,999,3/7/2021 17:00,20,4,11,20,8,9,8,1
B?c Ninh,"('21.1527453', '106.111371')",34.06,48,1.41,999,3/7/2021 17:00,72,2,7,22,70,72,35,1
H?ng Yên,"('20.661683', '106.058761')",34.06,48,1.41,999,3/7/2021 17:00,13,0,1,13,2,1,1,1
Qu?ng Ninh,"('21.006517', '107.344252')",33.06,52,2.43,1000,3/7/2021 17:00,61,9,,20,1,2,61,1
Tp. H? Chí Minh,"('10.65961', '106.727916')",31.01,66,2.57,1005,3/7/2021 17:00,30,,,,30,17,,3
C?n Th?,"('10.026977', '105.768249')",29.99,74,2.57,1005,3/7/2021 17:00,36,,,,36,35,,3
Ngh? An,"('18.675369', '105.690945')",33.13,56,3.36,1000,3/7/2021 17:00,16,,,,16,9,,2
Gia Lai,"('13.998599', '107.996482')",31.7,43,4.95,1004,3/7/2021 16:00,18,3,7,8,18,18,13,2
Ðà N?ng,"('16.074', '108.217')",35,49,4.12,1003,3/7/2021 16:00,28,2,11,26,18,18,28,2
Cao B?ng,"('22.6782', '106.245')",29.59,83,0.22,1001,3/7/2021 16:00,93,,0,1,93,89,1,1
Phú Th?,"('21.33847', '105.3673')",34.92,46,1.82,999,3/7/2021 16:00,26,,13,26,6,10,,1
Thái Nguyên,"('21.593151', '105.8431043')",34.88,51,0.48,999,3/7/2021 16:00,95,5,3,,60,95,5,1
Hà N?i,"('21.0491', '105.8831')",35.01,40,3.63,999,3/7/2021 16:00,25,3,11,25,9,10,8,1
B?c Ninh,"('21.1527453', '106.111371')",35.06,40,4.23,999,3/7/2021 16:00,69,2,8,24,68,69,34,1
H?ng Yên,"('20.661683', '106.058761')",35.06,40,4.23,999,3/7/2021 16:00,13,0,1,13,2,1,1,1
Qu?ng Ninh,"('21.006517', '107.344252')",34.06,48,1.41,999,3/7/2021 16:00,60,9,,20,1,2,60,1
Tp. H? Chí Minh,"('10.65961', '106.727916')",34.01,55,2.57,1004,3/7/2021 16:00,37,,,,37,20,,3
C?n Th?,"('10.026977', '105.768249')",30.99,70,3.09,1005,3/7/2021 16:00,31,,,,31,26,,3
Ngh? An,"('18.675369', '105.690945')",35.22,50,3.76,999,3/7/2021 16:00,13,,,,13,4,,2
Gia Lai,"('13.998599', '107.996482')",33.33,36,5.05,1003,3/7/2021 15:00,18,2,6,9,17,18,13,2
Ðà N?ng,"('16.074', '108.217')",35,49,5.14,1003,3/7/2021 15:00,27,3,10,24,16,18,27,2
Cao B?ng,"('22.6782', '106.245')",29.44,81,0.43,1001,3/7/2021 15:00,87,,0,1,86,87,1,1
Phú Th?,"('21.33847', '105.3673')",35.92,45,2.45,999,3/7/2021 15:00,22,,16,22,7,12,,1
Thái Nguyên,"('21.593151', '105.8431043')",35.88,50,0.3,1000,3/7/2021 15:00,103,5,3,,62,103,6,1
Hà N?i,"('21.0491', '105.8831')",36.01,37,4.45,999,3/7/2021 15:00,27,3,11,27,12,11,8,1
B?c Ninh,"('21.1527453', '106.111371')",36.06,37,4.35,999,3/7/2021 15:00,66,1,4,19,66,54,33,1
H?ng Yên,"('20.661683', '106.058761')",36.06,37,4.35,999,3/7/2021 15:00,13,0,1,13,1,1,1,1
Qu?ng Ninh,"('21.006517', '107.344252')",35.06,40,4.23,999,3/7/2021 15:00,60,8,,20,1,2,60,1
Tp. H? Chí Minh,"('10.65961', '106.727916')",35.01,49,2.06,1004,3/7/2021 15:00,26,,,,26,18,,3
C?n Th?,"('10.026977', '105.768249')",30.99,70,2.57,1005,3/7/2021 15:00,27,,,,27,19,,3
Ngh? An,"('18.675369', '105.690945')",36.66,45,3.4,1000,3/7/2021 15:00,11,,,,11,4,,2
Gia Lai,"('13.998599', '107.996482')",34.19,35,5.11,1004,3/7/2021 14:00,18,2,5,9,17,18,13,2
Ðà N?ng,"('16.074', '108.217')",37,44,5.14,1003,3/7/2021 14:00,29,2,11,22,18,18,29,2
Cao B?ng,"('22.6782', '106.245')",28.81,84,0.45,1002,3/7/2021 14:00,92,,0,1,92,85,1,1
Phú Th?,"('21.33847', '105.3673')",35.92,45,3.22,1000,3/7/2021 14:00,22,,11,22,8,14,,1
Thái Nguyên,"('21.593151', '105.8431043')",35.88,50,0.61,1000,3/7/2021 14:00,100,5,4,,62,100,7,1
Hà N?i,"('21.0491', '105.8831')",36.01,37,4.6,999,3/7/2021 14:00,28,3,11,28,12,11,8,1
B?c Ninh,"('21.1527453', '106.111371')",36.05,38,4.47,999,3/7/2021 14:00,67,1,4,17,67,55,34,1
H?ng Yên,"('20.661683', '106.058761')",36.06,38,4.38,999,3/7/2021 14:00,13,0,1,13,1,1,1,1
Qu?ng Ninh,"('21.006517', '107.344252')",36.06,37,4.35,999,3/7/2021 14:00,59,8,,20,1,2,59,1
Tp. H? Chí Minh,"('10.65961', '106.727916')",36.01,46,2.57,1005,3/7/2021 14:00,27,,,,27,20,,3
C?n Th?,"('10.026977', '105.768249')",32.99,62,4.12,1006,3/7/2021 14:00,18,,,,18,13,,3
Ngh? An,"('18.675369', '105.690945')",37.63,42,3.5,1000,3/7/2021 14:00,10,,,,10,4,,2
Gia Lai,"('13.998599', '107.996482')",34.45,36,4.62,1005,3/7/2021 13:00,20,2,4,11,18,20,13,2
Ðà N?ng,"('16.074', '108.217')",38,37,4.12,1004,3/7/2021 13:00,31,2,11,25,18,19,31,2
Cao B?ng,"('22.6782', '106.245')",28.65,85,0.92,1002,3/7/2021 13:00,81,,0,1,75,81,1,1
Phú Th?,"('21.33847', '105.3673')",35.92,46,2.5,1000,3/7/2021 13:00,26,,11,26,10,18,,1
Thái Nguyên,"('21.593151', '105.8431043')",35.88,52,0.73,1001,3/7/2021 13:00,102,5,5,,64,102,13,1
Hà N?i,"('21.0491', '105.8831')",36.01,38,4.42,1000,3/7/2021 13:00,21,3,11,21,13,10,8,1
B?c Ninh,"('21.1527453', '106.111371')",36.06,39,4.85,1000,3/7/2021 13:00,78,1,3,19,78,66,34,1
H?ng Yên,"('20.661683', '106.058761')",36.06,39,4.85,1000,3/7/2021 13:00,11,0,1,11,2,1,0,1
Qu?ng Ninh,"('21.006517', '107.344252')",36.06,38,4.38,999,3/7/2021 13:00,59,8,,20,1,2,59,1
Tp. H? Chí Minh,"('10.65961', '106.727916')",36.01,49,3.09,1006,3/7/2021 13:00,28,,,,28,22,,3
C?n Th?,"('10.026977', '105.768249')",33.99,62,3.6,1006,3/7/2021 13:00,13,,,,13,10,,3
Ngh? An,"('18.675369', '105.690945')",37.7,41,3.46,1001,3/7/2021 13:00,12,,,,12,4,,2
Gia Lai,"('13.998599', '107.996482')",33.44,40,3.81,1007,3/7/2021 12:00,23,2,6,10,21,23,13,2
Ðà N?ng,"('16.074', '108.217')",38,39,2.57,1005,3/7/2021 12:00,33,4,11,25,22,22,33,2
Cao B?ng,"('22.6782', '106.245')",30.68,75,1.26,1003,3/7/2021 12:00,78,,0,1,71,78,1,1
Phú Th?,"('21.33847', '105.3673')",33.92,48,1.99,1002,3/7/2021 12:00,22,,10,19,13,22,,1
Thái Nguyên,"('21.593151', '105.8431043')",33.88,49,1.2,1002,3/7/2021 12:00,105,7,9,,66,105,8,1
Hà N?i,"('21.0491', '105.8831')",34.01,40,3.87,1001,3/7/2021 12:00,18,3,11,18,14,11,8,1
B?c Ninh,"('21.1527453', '106.111371')",34.06,40,4.61,1001,3/7/2021 12:00,81,1,5,17,81,67,34,1
H?ng Yên,"('20.661683', '106.058761')",34.06,40,4.61,1001,3/7/2021 12:00,10,0,2,10,2,1,0,1
Qu?ng Ninh,"('21.006517', '107.344252')",36.06,39,4.85,1000,3/7/2021 12:00,59,8,,20,1,2,59,1
Tp. H? Chí Minh,"('10.65961', '106.727916')",34.01,59,1.03,1007,3/7/2021 12:00,26,,,,26,22,,3
C?n Th?,"('10.026977', '105.768249')",32.99,62,2.57,1008,3/7/2021 12:00,14,,,,14,11,,3
Ngh? An,"('18.675369', '105.690945')",36.82,47,4.8,1004,3/7/2021 12:00,17,,,,17,6,,2
Gia Lai,"('13.998599', '107.996482')",33.44,40,3.81,1007,3/7/2021 11:00,25,2,6,9,21,25,13,2
Ðà N?ng,"('16.074', '108.217')",38,39,2.57,1005,3/7/2021 11:00,36,3,11,23,28,26,36,2
Cao B?ng,"('22.6782', '106.245')",30.68,75,1.26,1003,3/7/2021 11:00,77,,0,1,70,77,1,1
Phú Th?,"('21.33847', '105.3673')",33.92,48,1.99,1002,3/7/2021 11:00,26,,8,22,14,26,,1
Thái Nguyên,"('21.593151', '105.8431043')",33.88,49,1.2,1002,3/7/2021 11:00,92,6,13,,63,92,28,1
Hà N?i,"('21.0491', '105.8831')",34.01,40,3.87,1001,3/7/2021 11:00,14,4,11,13,14,11,8,1
B?c Ninh,"('21.1527453', '106.111371')",34.06,40,4.61,1001,3/7/2021 11:00,76,1,7,13,76,62,36,1
H?ng Yên,"('20.661683', '106.058761')",34.06,40,4.61,1001,3/7/2021 11:00,12,0,1,12,2,2,0,1
Qu?ng Ninh,"('21.006517', '107.344252')",34.06,40,4.61,1001,3/7/2021 11:00,59,7,,20,1,2,59,1
Tp. H? Chí Minh,"('10.65961', '106.727916')",34.01,59,1.03,1007,3/7/2021 11:00,25,,,,25,22,,3
C?n Th?,"('10.026977', '105.768249')",32.99,62,2.57,1008,3/7/2021 11:00,16,,,,16,12,,3
Ngh? An,"('18.675369', '105.690945')",36.47,44,4.75,1002,3/7/2021 11:00,19,,,,19,8,,2
Gia Lai,"('13.998599', '107.996482')",32.29,44,3.57,1008,3/7/2021 10:00,31,3,7,9,25,31,13,2
Ðà N?ng,"('16.074', '108.217')",37,39,1.03,1005,3/7/2021 10:00,42,4,10,20,31,32,42,2
Cao B?ng,"('22.6782', '106.245')",29.71,79,1.02,1004,3/7/2021 10:00,76,,0,1,64,76,1,1
Phú Th?,"('21.33847', '105.3673')",33.92,53,2.03,1002,3/7/2021 10:00,28,,13,18,16,28,,1
Thái Nguyên,"('21.593151', '105.8431043')",33.88,53,1.15,1002,3/7/2021 10:00,75,7,13,,57,75,12,1
Hà N?i,"('21.0491', '105.8831')",34.01,42,3.61,1002,3/7/2021 10:00,14,6,11,9,14,11,8,1
B?c Ninh,"('21.1527453', '106.111371')",34.06,41,3.94,1002,3/7/2021 10:00,74,2,8,13,74,69,39,1
H?ng Yên,"('20.661683', '106.058761')",34.06,41,3.94,1002,3/7/2021 10:00,10,0,3,10,3,2,0,1
Qu?ng Ninh,"('21.006517', '107.344252')",34.06,40,4.61,1001,3/7/2021 10:00,60,9,,20,1,2,60,1
Tp. H? Chí Minh,"('10.65961', '106.727916')",34.01,62,2.57,1008,3/7/2021 10:00,26,,,,26,25,,3
C?n Th?,"('10.026977', '105.768249')",31.99,70,2.57,1008,3/7/2021 10:00,17,,,,17,13,,3
Ngh? An,"('18.675369', '105.690945')",35.45,47,4.25,1003,3/7/2021 10:00,20,,,,20,11,,2
Gia Lai,"('13.998599', '107.996482')",30.63,50,3.31,1009,3/7/2021 9:00,13,7,11,8,13,9,8,2
Ðà N?ng,"('16.074', '108.217')",37,41,0.51,1006,3/7/2021 9:00,52,8,11,25,34,40,52,2
Cao B?ng,"('22.6782', '106.245')",29.77,79,0.75,1004,3/7/2021 9:00,76,,0,1,64,76,1,1
Phú Th?,"('21.33847', '105.3673')",32.92,59,1.81,1003,3/7/2021 9:00,29,,7,16,16,29,,1
Thái Nguyên,"('21.593151', '105.8431043')",32.88,59,0.34,1003,3/7/2021 9:00,56,7,15,,50,56,11,1
Hà N?i,"('21.0491', '105.8831')",33.01,45,2.93,1002,3/7/2021 9:00,13,7,11,8,13,9,8,1
B?c Ninh,"('21.1527453', '106.111371')",33.06,44,3.05,1002,3/7/2021 9:00,91,3,16,13,73,91,38,1
H?ng Yên,"('20.661683', '106.058761')",33.06,44,3.05,1002,3/7/2021 9:00,7,0,6,7,3,3,0,1
Qu?ng Ninh,"('21.006517', '107.344252')",34.06,41,3.94,1002,3/7/2021 9:00,60,9,,20,1,2,60,1
Tp. H? Chí Minh,"('10.65961', '106.727916')",32.01,70,1.54,1009,3/7/2021 9:00,24,,,,24,23,,3
C?n Th?,"('10.026977', '105.768249')",30.99,79,2.06,1009,3/7/2021 9:00,19,,,,19,16,,3
Ngh? An,"('18.675369', '105.690945')",33.68,54,4.05,1004,3/7/2021 9:00,23,,,,23,15,,2
Gia Lai,"('13.998599', '107.996482')",28.77,57,2.72,1010,3/7/2021 8:00,50,4,10,5,36,50,14,2
Ðà N?ng,"('16.074', '108.217')",35,49,0.51,1007,3/7/2021 8:00,43,10,10,13,34,43,40,2
Cao B?ng,"('22.6782', '106.245')",29.54,80,0.63,1004,3/7/2021 8:00,74,,0,1,57,74,1,1
Phú Th?,"('21.33847', '105.3673')",31.92,65,1.54,1003,3/7/2021 8:00,30,,9,10,17,30,,1
Thái Nguyên,"('21.593151', '105.8431043')",31.88,67,0.77,1003,3/7/2021 8:00,45,6,15,,43,45,15,1
Hà N?i,"('21.0491', '105.8831')",32.01,50,2.03,1003,3/7/2021 8:00,17,10,11,17,13,11,8,1
B?c Ninh,"('21.1527453', '106.111371')",32.06,50,1.83,1003,3/7/2021 8:00,107,3,17,10,70,107,34,1
H?ng Yên,"('20.661683', '106.058761')",32.06,50,1.83,1003,3/7/2021 8:00,7,0,7,4,3,3,0,1
Qu?ng Ninh,"('21.006517', '107.344252')",33.06,44,3.05,1002,3/7/2021 8:00,58,9,,20,1,3,58,1
Tp. H? Chí Minh,"('10.65961', '106.727916')",31.01,79,1.54,1009,3/7/2021 8:00,23,,,,23,21,,3
C?n Th?,"('10.026977', '105.768249')",29.99,79,1.54,1009,3/7/2021 8:00,21,,,,21,19,,3
Ngh? An,"('18.675369', '105.690945')",31.6,61,3.18,1004,3/7/2021 8:00,26,,,,26,19,,2
Qu?ng Ninh,"('21.006517', '107.344252')",32.06,50,1.83,1003,3/7/2021 7:00,59,9,,20,1,3,59,1
